book,booktitle,author,state,removed,freqchal,pvi2,obama,cperhs,sexexp,antifamily,cmedin,cperba,days2000,occult,language,homosexuality,violence
359,Carl Makes a Scrapbook,"Day, Alexandra",MI,0,0,3.8,0,3.838042131,0,0,2966,-2.223729864,653,0,0,0,0
868,Harry Potter (series),"Rowling, J.K.",VA,0,1,-1.7,0,1.938042131,0,0,11296,5.476270136,480,1,0,0,0
1025,It's Perfectly Normal,"Harris, Robie",FL,0,1,-1.8,0,0.338042131,0,0,372,-1.723729864,420,0,0,0,0
1926,"Watsons Go to Birmingham, The","Curtis, Christopher Paul",VA,0,0,-1.7,0,1.938042131,0,0,11296,5.476270136,901,0,1,0,0
747,Garfield: His Nine Lives,"Davis, Jim",CO,0,0,-0.2,0,7.338042131,0,0,10346.5,8.676270136,1800,0,1,0,0
560,"Doing It Right:  Making Smart, Safe, and Satisfying Choices About Sex","Pardes, Bronwen",WI,0,0,2.4,1,5.538042131,1,0,4234.5,-1.623729864,3731,0,0,0,0
1970,When Plague Strikes,"Giblin, James Cross",OR,0,0,4,0,5.538042131,0,0,1274.5,1.076270136,180,0,0,0,0
607,"Earth, My Butt and Other Big Round Things, The","Mackler, Carolyn",SC,0,0,-7.8,1,-3.261957869,1,0,-2191.5,-3.623729864,3191,0,1,0,0
1061,Junie B. Jones is Captain Field Day,"Park, Barbara",CO,0,0,-0.2,0,7.338042131,0,0,10346.5,8.676270136,1800,0,0,0,0
868,Harry Potter (series),"Rowling, J.K.",IN,0,1,-6.2,1,2.538042131,0,0,1086.5,-4.623729864,3276,1,0,0,0
1223,Manga: Sixty Years of Japanese Comics,"Gravett, Paul",TN,0,0,-8.7,0,-3.661957869,1,0,-2995.5,-4.423729864,1924,0,0,0,0
1429,Paula,NA,VA,1,0,-1.7,0,1.938042131,0,0,11296,5.476270136,510,0,0,0,0
924,"Hotel New Hampshire, The","Irving, John",NH,0,0,1.6,1,7.838042131,1,0,17303,4.676270136,3179,0,0,0,0
1434,"Perks of Being a Wallflower, The","Chbosky, Stephen",IL,0,0,7.7,0,1.838042131,1,0,6489.5,2.076270136,2953,0,1,1,0
418,"Cold One, The","Pike, Christopher",NC,1,1,-4.3,0,-1.461957869,1,0,-310,-1.523729864,1050,0,1,0,1
2051,You Hear Me?,"Franco, Betsy",CO,0,0,-0.2,0,7.338042131,0,0,10346.5,8.676270136,1440,0,1,0,0
1855,Tweaked,"Moore, Patrick",MA,1,0,11.7,1,5.238042131,0,0,14048.5,9.176270136,3836,0,1,0,0
1653,Small Town,"Block, Lawrence",MI,0,0,3.8,NA,3.838042131,1,0,2966,-2.223729864,NA,0,0,0,1
301,"Boy Who Drank Too Much, The","Greene, Shep",CA,0,0,7.4,0,-2.761957869,0,0,10119,2.576270136,480,0,0,0,0
1673,Sons and Lovers,"Lawrence, D.H.",PA,0,0,2,1,2.338042131,0,0,4218,-1.623729864,3600,0,0,0,0
1139,Like Sisters on the Homefront,"Williams-Garcia, Rita",PA,1,0,2,0,2.338042131,0,0,4218,-1.623729864,240,0,0,0,0
755,"Geology Book, The","Morris, Dr. John D.",WY,0,0,-19.7,1,8.338042131,0,0,4081.5,-2.123729864,3777,0,0,0,0
990,Murder Mysteries,"Gaiman, Neil and P. Craig Russell",OH,0,0,-0.7,0,3.438042131,1,0,2469,-2.923729864,2936,0,0,0,0
143,And Tango Makes Three,"Parnell, Peter and Justin Richardsonter Parnell",IN,0,0,-6.2,0,2.538042131,0,0,1086.5,-4.623729864,2868,0,0,1,0
1054,"Joy of Gay Sex, The","Silverstein, Dr. Charles and Felice Picano",MT,0,0,-7.1,1,7.638042131,1,0,-6482,0.376270136,3179,0,0,1,0
902,His Wicked Ways,"James, Samantha",OR,0,0,4,0,5.538042131,1,0,1274.5,1.076270136,1426,0,0,0,0
653,Extreme Elvin,"Lynch, Chris",GA,1,0,-6.8,0,-0.961957869,1,0,2239.5,0.276270136,1472,0,0,0,1
69,"Absolutely True Diary of a Part-Time Indian, The","Alexie, Sherman",NY,1,0,10.2,0,-0.461957869,0,0,5007.5,3.376270136,2859,0,1,0,0
1635,Sin City,"Miller, Frank",CA,0,0,7.4,0,-2.761957869,1,0,10119,2.576270136,2399,0,0,0,1
264,Blue Lipstick:  Concrete Poems,"Grandits, John",VT,0,0,13.4,1,6.838042131,1,0,8467,5.376270136,3279,0,0,0,0
993,My Brother Sam is Dead,"Collier, James Lincoln and Christopher Collier",NH,0,0,1.6,0,7.838042131,0,0,17303,4.676270136,480,0,1,0,0
1661,So Far From the Bamboo Grove,"Watkins, Yoko Kawashima",CA,0,0,7.4,0,-2.761957869,1,0,10119,2.576270136,294,0,0,0,1
342,Bury Me Deep,"Pike, Christopher",ID,1,1,-17.4,0,5.138042131,1,0,3194,-2.323729864,120,0,0,0,1
1984,"White Mercedes, The","Pullman, Philip",AR,0,1,-8.8,0,-4.261957869,1,0,-6258.5,-7.323729864,690,0,1,0,0
958,I Know Why the Caged Bird Sings,"Angelou, Maya",KY,0,1,-10.4,0,-5.461957869,0,0,-5880.5,-6.923729864,480,0,1,0,0
1785,There's a Hair in My Dirt,"Larson, Gary",VT,0,0,13.4,0,6.838042131,0,0,8467,5.376270136,245,0,0,0,0
342,Bury Me Deep,"Pike, Christopher",NC,0,1,-4.3,0,-1.461957869,0,0,-310,-1.523729864,990,0,1,0,0
330,Bumps in the Night,"Allard, Harry",MN,0,0,2.3,0,8.338042131,0,0,15378,3.376270136,50,1,0,0,0
1450,"Pinkerton, Behave!","Kellogg, Steven",NC,1,0,-4.3,0,-1.461957869,0,0,-310,-1.523729864,2943,0,0,0,1
2028,"Woman and the Ape, The","Hoeg, Peter",MI,0,0,3.8,NA,3.838042131,1,0,2966,-2.223729864,NA,0,0,0,0
1242,Mastering Multiple Position Sex,"Garrison, Eric Marlowe",OH,0,0,-0.7,1,3.438042131,1,1,2469,-2.923729864,3650,0,1,0,0
1083,King & King,"de Haan, Linda",NC,0,0,-4.3,0,-1.461957869,0,0,-310,-1.523729864,1620,0,0,1,0
1872,Uncle Bobby's Wedding,"Brannen, Sarah S.",PA,0,0,2,0,2.338042131,0,0,4218,-1.623729864,3152,0,0,1,0
995,In the Woods,"French, Tana",VA,0,0,-1.7,1,1.938042131,0,0,11296,5.476270136,3758,0,1,0,0
868,Harry Potter and the Prisoner of Azkaban,"Rowling, J.K.",MI,1,1,3.8,0,3.838042131,0,0,2966,-2.223729864,60,1,0,0,0
1183,Love & Sex,"Cart, Michael",PA,0,0,2,1,2.338042131,0,0,4218,-1.623729864,3600,0,0,0,0
1251,Message Bible,"Peterson, Eugene H",NC,0,0,-4.3,1,-1.461957869,0,0,-310,-1.523729864,3798,0,0,0,0
1672,Song of the Lionness Series,"Pierce, Tamora",OR,0,0,4,0,5.538042131,0,0,1274.5,1.076270136,1426,0,0,0,0
712,Forever,"Blume, Judy",CO,0,1,-0.2,0,7.338042131,1,0,10346.5,8.676270136,1440,0,0,0,0
303,"Boy Who Lost His Face, The","Sachar, Louis",CA,0,0,7.4,0,-2.761957869,0,0,10119,2.576270136,1452,0,1,0,0
730,"Golden Compass, The","Pullman, Philip",PA,1,1,2,0,2.338042131,0,0,4218,-1.623729864,1140,1,0,0,1
1061,"Notebook Girls, The","Baskin, Julia",NJ,0,0,4.4,0,2.538042131,0,0,19935.5,5.776270136,2493,0,0,0,0
267,"Bluest Eye, The","Morrison, Toni",CO,1,1,-0.2,0,7.338042131,0,0,10346.5,8.676270136,2051,0,0,0,0
143,And Tango Makes Three,"Parnell, Peter and Justin Richardson",VA,0,1,-1.7,1,1.938042131,0,0,11296,5.476270136,3199,0,0,1,0
683,Feeling Sorry for Celia,"Moriarty, Jaclyn",NY,0,0,10.2,NA,-0.461957869,1,0,5007.5,3.376270136,NA,0,0,0,0
1460,"Pocket Book of Sex and Chocolate, The","Craze, Richard",OR,0,0,4,0,5.538042131,1,0,1274.5,1.076270136,990,0,0,0,0
1083,King & King,"de Haan, Linda",OR,0,0,4,0,5.538042131,0,0,1274.5,1.076270136,2310,0,0,1,0
1660,Snuff,"Palahniuk, Chuck",AZ,0,0,-6.1,1,1.438042131,0,0,3490.5,-0.523729864,3240,0,0,0,0
214,Beloved,"Morrison, Toni",OR,0,1,4,0,5.538042131,1,0,1274.5,1.076270136,990,0,1,0,1
1033,New Good Vibrations Guide to Sex,"Winks, Cathy",CO,1,0,-0.2,0,7.338042131,0,0,10346.5,8.676270136,1426,0,0,0,0
774,Hair in Funny Places,"Cole, Babette",OR,0,0,4,0,5.538042131,0,0,1274.5,1.076270136,510,0,0,0,0
868,Harry Potter and the Chamber of Secrets,"Rowling, J.K.",MI,1,1,3.8,0,3.838042131,0,0,2966,-2.223729864,60,1,0,0,0
730,"Golden Compass, The","Pullman, Philip",KS,0,1,-11.5,1,6.438042131,0,0,144.5,1.776270136,3273,0,0,0,0
143,And Tango Makes Three,"Parnell, Peter and Justin Richardson",NC,0,1,-4.3,0,-1.461957869,0,0,-310,-1.523729864,3080,0,0,1,0
70,"Absolutely, Positively Not","LaRochelle, David",PA,0,0,2,1,2.338042131,0,0,4218,-1.623729864,3600,0,0,0,0
1074,"Oh, How Silly!","Cole, William (Tomi Ungerer: Illus.)",OR,0,0,4,0,5.538042131,0,0,1274.5,1.076270136,1426,0,0,0,1
1088,Kira-Kira,"Kadohata, Cynthia",AL,0,0,-13.2,1,-4.261957869,0,0,-5054,-5.023729864,3240,0,1,0,0
1860,Twice Told Tales,"Hawthorne, Nathaniel",VT,0,0,13.4,1,6.838042131,0,0,8467,5.376270136,3224,0,1,0,0
1491,Question Quest,"Anthony, Piers",CA,1,0,7.4,0,-2.761957869,0,0,10119,2.576270136,120,1,0,0,0
1529,Richochet River,"Cody, Robin",OR,1,0,4,0,5.538042131,1,0,1274.5,1.076270136,480,0,1,0,0
516,Deal With It!,"Drill, Esther",AZ,1,0,-6.1,0,1.438042131,1,0,3490.5,-0.523729864,1800,0,0,0,0
251,Bleeder,"Dobyns, Stephen",KS,0,0,-11.5,0,6.438042131,0,0,144.5,1.776270136,480,0,0,0,1
237,Bisexual and Gay Husbands,"Klein, Fritz and Tom Schwartz, editors",OK,0,0,-16.9,0,1.038042131,0,0,-3087.5,-3.723729864,1800,0,0,0,0
636,Envy,"Brown, Sandra",PA,0,0,2,1,2.338042131,0,0,4218,-1.623729864,3600,0,0,0,0
424,Coming Out to Parents,"Borhek, Mary",OR,0,0,4,0,5.538042131,0,0,1274.5,1.076270136,1800,0,0,1,0
725,Freaky Friday,"Rodgers, Mary",PA,0,0,2,0,2.338042131,0,1,4218,-1.623729864,839,0,1,0,0
1738,"Summer Country, The","Hentley, James A.",CO,0,0,-0.2,0,7.338042131,1,0,10346.5,8.676270136,1800,0,1,0,0
1684,Speak,"Anderson, Laurie Halse",AZ,1,0,-6.1,0,1.438042131,1,0,3490.5,-0.523729864,480,0,1,0,1
753,Green Bible,NA,NC,0,0,-4.3,1,-1.461957869,0,0,-310,-1.523729864,3798,0,0,0,0
933,How It Works,"Marks, Graham",PA,0,0,2,1,2.338042131,0,0,4218,-1.623729864,3600,0,0,0,0
1038,New X-Men Imperial,"Morrison, Grant",MD,0,0,8.5,0,4.238042131,0,0,19404.5,7.376270136,1791,0,1,0,1
1000,"Inner City Mother Goose, The","Merriam, Eve",MI,0,0,3.8,0,3.838042131,0,0,2966,-2.223729864,2236,0,1,0,1
920,Horse,"Chulton-Brock, Julie",MT,0,0,-7.1,0,7.638042131,0,0,-6482,0.376270136,1560,0,0,0,0
1728,Stupid White Men,"Moore, Michael",OR,0,0,4,0,5.538042131,0,0,1274.5,1.076270136,2014,0,0,0,0
2049,Yoko,"Wells, Rosemary",CA,1,0,7.4,1,-2.761957869,0,0,10119,2.576270136,3483,0,0,0,0
675,Fat Kid Rules the World,"Going, K.L.",PA,1,0,2,0,2.338042131,0,0,4218,-1.623729864,2452,0,1,0,0
1025,It's Perfectly Normal,"Harris, Robie",VA,1,1,-1.7,0,1.938042131,1,0,11296,5.476270136,2014,0,0,1,0
974,If On a Winter's Night a Traveler,"Calvino, Italo and William Weaver (translator)",IL,1,0,7.7,1,1.838042131,1,0,6489.5,2.076270136,3709,0,0,0,0
718,"Glass Castle, The","Walls, Jeannette",MD,0,0,8.5,1,4.238042131,1,1,19404.5,7.376270136,3871,0,1,0,0
1493,Rabble Rousers,"Harkness, Cheryl",CA,0,0,7.4,0,-2.761957869,0,0,10119,2.576270136,1697,0,0,0,0
386,"Charm School, The","DeMille, Nelson",MA,1,0,11.7,0,5.238042131,1,0,14048.5,9.176270136,0,0,0,0,0
1492,Rabbit (series),"Updike, John",PA,0,0,2,1,2.338042131,0,0,4218,-1.623729864,3600,0,0,0,0
1731,"Stupid's Have a Ball, The","Allard, Harry",GA,0,0,-6.8,0,-0.961957869,0,0,2239.5,0.276270136,445,0,0,0,0
950,I Am Charlotte Simmons,"Wolfe, Tom",MO,0,0,-3.1,0,1.738042131,1,0,1279.5,-2.423729864,2400,0,1,0,0
1941,Whale Talk,"Crutcher, Chris",SC,1,1,-7.8,0,-3.261957869,0,0,-2191.5,-3.623729864,1780,0,0,0,0
546,Different Seasons,"King, Stephen",FL,0,0,-1.8,0,0.338042131,1,0,372,-1.723729864,720,0,0,0,0
1011,"Mystery of the Pirate Ghost, The","Hayes, Geoffrey",IN,0,0,-6.2,0,2.538042131,0,0,1086.5,-4.623729864,982,0,0,0,0
316,Bridge to Terabithia,"Paterson, Katherine",VA,0,0,-1.7,0,1.938042131,1,0,11296,5.476270136,1917,0,1,0,0
1035,New International Version Bible,International Bible Society,NC,0,0,-4.3,1,-1.461957869,0,0,-310,-1.523729864,3798,0,0,0,0
895,"Here's to You, Rachel Robinson","Blume, Judy",TN,1,1,-8.7,0,-3.661957869,0,0,-2995.5,-4.423729864,990,0,0,0,0
1507,Ransom,"Malouf, David",PA,0,0,2,1,2.338042131,0,0,4218,-1.623729864,3600,0,0,0,0
12,"A Child Called ""It""","Pelzer, Dave",DE,1,0,7,0,3.038042131,0,0,9167.5,0.976270136,180,0,1,0,1
12,"A Child Called ""It""","Pelzer, Dave",RI,1,0,11.2,1,-1.561957869,1,0,8141,1.576270136,3707,0,0,0,0
565,Don't Cramp My Style,"Fraustino, Lisa Rowe",PA,0,0,2,1,2.338042131,0,0,4218,-1.623729864,3600,0,0,0,0
1018,"It's a Girl Thing:  How to Stay Healthy, Safe and In Charge","Jukes, Mavis",IL,1,0,7.7,1,1.838042131,1,0,6489.5,2.076270136,3697,0,1,0,0
608,East of Eden,"Steinbeck, John",PA,0,1,2,1,2.338042131,0,0,4218,-1.623729864,3600,0,0,0,0
741,Gossip Girl (series),"Von Ziegesar, Cecily",MN,0,0,2.3,0,8.338042131,1,0,15378,3.376270136,2399,0,0,0,0
2023,Witness,"Hesse, Karen",AK,0,0,-13.4,0,8.738042131,0,0,15707.5,0.676270136,1351,0,0,0,0
273,Bone (series),"Smith, Jeff",MN,0,0,2.3,1,8.338042131,1,0,15378,3.376270136,3835,0,0,0,0
515,Deadline,"Crutcher, Chris",ID,1,1,-17.4,1,5.138042131,0,0,3194,-2.323729864,3595,0,1,1,0
1392,One Fat Summer,"Lipsyte, Robert",FL,1,0,-1.8,0,0.338042131,0,0,372,-1.723729864,0,0,1,0,0
657,"Facts Speak for Themselves, The","Cole, Brock",MA,0,0,11.7,0,5.238042131,1,0,14048.5,9.176270136,19,0,1,0,0
1887,Vaccines:  Are They Really Safe and Effective? A Parents Guide to Childhood Shots,"Miller, Neil Z.",VT,0,0,13.4,1,6.838042131,0,0,8467,5.376270136,3681,0,0,0,0
2060,Z is for Zombie,"Kutner, Merrily",NY,0,0,10.2,1,-0.461957869,0,0,5007.5,3.376270136,3156,0,0,0,0
888,Hellboy Junior,NA,OR,0,0,4,0,5.538042131,0,0,1274.5,1.076270136,1958,0,0,0,0
1691,Spring Broke,"Welch, Nathaniel",OH,0,0,-0.7,0,3.438042131,1,0,2469,-2.923729864,2759,0,0,0,0
975,If the World Were a Village,"Smith, David",CA,0,0,7.4,0,-2.761957869,0,1,10119,2.576270136,1696,0,0,0,0
1557,Safe,"Shaw, Susan",PA,0,0,2,1,2.338042131,0,0,4218,-1.623729864,3600,0,0,0,0
1262,Mind's Eye,"Kuper, Peter",LA,0,0,-9.7,1,-4.761957869,1,0,-5120.5,-5.323729864,3239,0,0,0,0
40,A Prayer for Owen Meany,"Irving, John",NH,1,0,1.6,1,7.838042131,1,0,17303,4.676270136,3405,0,1,0,0
438,Copper Sun,"Draper, Sharon",PA,0,0,2,1,2.338042131,0,0,4218,-1.623729864,3600,0,0,0,0
1451,Pinky and Rex and the Bully,"Howe, James",MI,0,0,3.8,0,3.838042131,0,0,2966,-2.223729864,1200,0,0,1,0
1856,Twelve,"Myracle, Lauren",MI,0,1,3.8,1,3.838042131,0,0,2966,-2.223729864,3496,0,0,0,0
1836,Travel Team,"Lupica, Mike",OK,0,0,-16.9,0,1.038042131,0,0,-3087.5,-3.723729864,3006,0,1,0,0
6,1984,"Orwell, George",PA,0,0,2,1,2.338042131,0,0,4218,-1.623729864,3600,0,0,0,0
87,Aimee,"Miller, Mary Beth",IL,1,0,7.7,0,1.838042131,1,0,6489.5,2.076270136,1917,0,0,0,0
1638,"Sissy Duckling, The","Fierstein, Harvey",PA,0,0,2,0,2.338042131,0,0,4218,-1.623729864,1946,0,0,1,0
670,Fangoria's 101 Best Horror Movies You've Never Seen:  A Celebration of the World's Most Unheralded Fright Flicks,"Lukeman, Alan",VT,0,0,13.4,1,6.838042131,0,0,8467,5.376270136,3224,1,0,0,1
1000,"Inner City Mother Goose, The","Merriam, Eve",IL,1,0,7.7,1,1.838042131,0,0,6489.5,2.076270136,3697,0,1,0,1
1161,Locas In Love,"Hernandez, Gilbert and Jaime Hernandez",VA,0,0,-1.7,0,1.938042131,1,1,11296,5.476270136,2386,0,0,1,0
346,Busy Penguins,"Schindel, John",CO,0,0,-0.2,0,7.338042131,0,0,10346.5,8.676270136,1800,0,0,0,0
1805,"Thomasina, The Cat Who Thought She Was God","Gallico, Paul",IL,0,0,7.7,0,1.838042131,0,0,6489.5,2.076270136,597,0,0,0,0
1025,It's Perfectly Normal,"Harris, Robie",IN,0,1,-6.2,0,2.538042131,1,0,1086.5,-4.623729864,1917,0,0,1,0
723,Go Tell it on the Mountain,"Baldwin, James",PA,0,0,2,1,2.338042131,0,0,4218,-1.623729864,3600,0,0,0,0
1930,We All Fall Down,"Cormier, Robert",KS,1,1,-11.5,0,6.438042131,0,0,144.5,1.776270136,1472,0,1,0,1
1236,"Mars, Vol. 10","Soryo, Fuyumi",MI,0,0,3.8,0,3.838042131,1,0,2966,-2.223729864,2950,0,0,0,0
1092,"Kite Runner, The","Hosseini, Khaled",PA,0,0,2,1,2.338042131,0,0,4218,-1.623729864,3600,0,0,0,0
173,Attack of the Mutant Underwear,"Birdseye, Tom",FL,1,0,-1.8,0,0.338042131,0,0,372,-1.723729864,1800,0,0,0,0
63,Abduction,"Kehret, Peg",AL,0,0,-13.2,1,-4.261957869,0,0,-5054,-5.023729864,3240,0,0,0,0
656,"Face on the Milk Carton, The","Cooney, Caroline B.",IL,1,0,7.7,1,1.838042131,0,0,6489.5,2.076270136,3247,0,0,0,0
1657,Snow Falling on Cedars,"Guterson, David",VA,0,0,-1.7,0,1.938042131,1,0,11296,5.476270136,1917,0,0,0,0
1273,Mistral's Kiss,"Hamilton, Laurell K.",MN,0,0,2.3,0,8.338042131,0,0,15378,3.376270136,2772,0,1,0,0
374,"Catcher in the Rye, The","Salinger, J.D.",SC,0,0,-7.8,0,-3.261957869,0,0,-2191.5,-3.623729864,660,0,1,0,0
272,Bombers of World War II,"Donald, David",OR,0,0,4,0,5.538042131,0,0,1274.5,1.076270136,990,0,0,0,0
1814,Timespan Spies,"Healey, Tim",CA,0,0,7.4,0,-2.761957869,0,0,10119,2.576270136,480,0,0,0,1
1523,Remember Me 3: The Last Story,"Pike, Christopher",ID,1,1,-17.4,0,5.138042131,1,0,3194,-2.323729864,120,0,0,0,1
267,"Bluest Eye, The","Morrison, Toni",CO,1,1,-0.2,0,7.338042131,1,0,10346.5,8.676270136,2040,0,0,0,0
1021,Naruto 1:  The Tests of the Ninja,"Kishimoto, Masashi",MI,0,0,3.8,1,3.838042131,0,0,2966,-2.223729864,3859,0,0,0,0
6,1984,"Orwell, George",AZ,1,0,-6.1,0,1.438042131,1,0,3490.5,-0.523729864,847,0,0,0,0
1438,Peter and the Wolf,Loriot,OR,0,0,4,0,5.538042131,0,0,1274.5,1.076270136,1426,0,0,0,0
738,Full Court Press,"Lupica, Mike",ND,0,0,-10.4,1,4.338042131,0,0,-813,-2.023729864,3224,0,1,0,0
1502,Rainbow High,"Sanchez,Alex",PA,0,0,2,1,2.338042131,0,0,4218,-1.623729864,3600,0,0,0,0
1177,"Lords of Discipline, The","Conroy, Pat",WI,1,0,2.4,0,5.538042131,1,0,4234.5,-1.623729864,1050,0,1,0,1
1029,Never Quite Dead,"Shubin, Seymour",NC,0,0,-4.3,0,-1.461957869,0,0,-310,-1.523729864,1130,0,1,0,0
762,Guess What?,"Fox, Mem",IN,0,0,-6.2,0,2.538042131,0,0,1086.5,-4.623729864,1050,0,0,0,0
1055,"Joy of Sex, The","Comfort, Alex",KS,1,0,-11.5,1,6.438042131,1,0,144.5,1.776270136,3289,0,0,0,0
1121,"Lessons in Evil, Lessons From the Light","Feldman, Gail",OR,0,0,4,0,5.538042131,0,0,1274.5,1.076270136,510,0,0,0,0
982,Scary Stories to Tell in the Dark,"Schwartz, Alvin",OK,1,1,-16.9,0,1.038042131,0,0,-3087.5,-3.723729864,3014,0,0,0,0
1015,Naked Pictures of My Ex-Girlfriend,"Helfrich, Mark",CO,0,0,-0.2,0,7.338042131,1,0,10346.5,8.676270136,1426,0,0,0,0
716,"Giver, The","Lowry, Lois",PA,0,1,2,1,2.338042131,0,0,4218,-1.623729864,3600,0,0,0,0
522,Death Blossoms,"Abu-Jamal, Mumia",OR,0,0,4,0,5.538042131,0,0,1274.5,1.076270136,2010,0,0,0,0
369,"Cat Who Killed Lilian Jackson Braun, The","Kaplow, Robert",LA,0,0,-9.7,1,-4.761957869,1,0,-5120.5,-5.323729864,3600,0,1,0,0
2055,Your Move,"Bunting, Eve",OK,0,0,-16.9,0,1.038042131,0,0,-3087.5,-3.723729864,3014,0,0,0,0
447,"Crack Cocaine Diet, The","Lippman, Laura",NH,1,0,1.6,1,7.838042131,0,0,17303,4.676270136,3509,0,0,0,0
143,And Tango Makes Three,"Parnell, Peter and Justin Richardson",TN,1,1,-8.7,0,-3.661957869,0,0,-2995.5,-4.423729864,2928,0,0,1,0
1052,Nineteen Minutes,"Picoult, Jodi",IL,1,0,7.7,0,1.838042131,1,0,6489.5,2.076270136,3127,0,1,0,0
677,Father Christmas,"Briggs, Raymond",WA,0,0,5,0,7.538042131,0,0,9907.5,3.676270136,1924,0,0,0,0
53,A Thousand Splendid Suns,"Hosseini, Khaled",PA,0,0,2,1,2.338042131,0,0,4218,-1.623729864,3600,0,0,0,0
712,Forever,"Blume, Judy",PA,0,1,2,1,2.338042131,0,0,4218,-1.623729864,3600,0,0,0,0
221,Best is Yet to Come,"Gould, Judith",CO,0,0,-0.2,0,7.338042131,1,0,10346.5,8.676270136,1425,0,0,0,0
1017,It Stops with Me: Memoir of a Canuck Girl,"Touchette, Charleen",NM,1,0,2.4,0,-0.661957869,0,0,-2401.5,-0.523729864,2109,0,0,0,0
663,Fallen Angels,"Myers, Walter Dean",IN,1,0,-6.2,0,2.538042131,0,0,1086.5,-4.623729864,1472,0,1,0,0
1076,Kid's Guide to Social Action,"Lewis, Barbara",CA,0,0,7.4,0,-2.761957869,0,1,10119,2.576270136,1696,0,0,0,0
726,Free Fall,"Sweeney, Joyce",OR,0,0,4,0,5.538042131,0,0,1274.5,1.076270136,180,0,1,0,0
1804,Thomas' Snowsuit,"Munsch, Robert",OR,0,0,4,0,5.538042131,0,0,1274.5,1.076270136,510,0,0,0,0
308,Brave New World,"Huxley, Aldous",ID,1,0,-17.4,1,5.138042131,1,0,3194,-2.323729864,3487,0,0,0,0
730,"Golden Compass, The","Pullman, Philip",PA,0,1,2,1,2.338042131,0,0,4218,-1.623729864,3600,0,0,0,0
68,Absolute Sandman Vol. 1 and Vol. 2,"Gaiman, Neil",OH,0,0,-0.7,1,3.438042131,0,1,2469,-2.923729864,3695,0,1,0,0
725,Freaky Friday,"Rodgers, Mary",FL,0,0,-1.8,0,0.338042131,0,0,372,-1.723729864,420,0,0,0,1
399,"Chocolate War, The","Cormier, Robert",FL,0,1,-1.8,0,0.338042131,1,0,372,-1.723729864,690,0,0,0,0
135,Among the Betrayed,"Haddix, Margaret Peterson",WA,0,0,5,0,7.538042131,0,1,9907.5,3.676270136,1347,0,0,0,0
1025,It's Perfectly Normal,"Harris, Robie",VT,0,1,13.4,1,6.838042131,0,0,8467,5.376270136,3279,0,0,0,0
600,Dry,"Burroughs, Augusten",OK,0,0,-16.9,0,1.038042131,0,0,-3087.5,-3.723729864,1800,0,1,1,0
1642,Slapboxing with Jesus,"LaVelle, Victor",MI,0,0,3.8,0,3.838042131,0,0,2966,-2.223729864,1443,0,1,0,0
276,Bone:  Out of Boneville,"Smith, Jeff",MI,0,0,3.8,1,3.838042131,1,0,2966,-2.223729864,3684,0,1,0,0
291,"Botany of Desire: A Plant's-Eye View of the World, The","Pollan, Michael",IL,0,0,7.7,0,1.838042131,1,0,6489.5,2.076270136,2309,0,0,0,0
1861,Twilight (series),"Meyer, Stephenie",PA,0,0,2,1,2.338042131,0,0,4218,-1.623729864,3600,0,0,0,0
717,"Found:  The Best Lost, Tossed, and Forgotten Items From Around the World","Rothbart, Davy",OH,0,0,-0.7,0,3.438042131,0,1,2469,-2.923729864,2432,0,1,0,0
109,All the King's Men,"Warren, Robert Penn",PA,0,0,2,1,2.338042131,0,0,4218,-1.623729864,3600,0,0,0,0
1739,Summer of My German Soldier,"Greene, Bette",AR,0,0,-8.8,0,-4.261957869,0,0,-6258.5,-7.323729864,480,0,1,0,0
399,"Chocolate War, The","Cormier, Robert",PA,0,1,2,1,2.338042131,0,0,4218,-1.623729864,3600,0,0,0,0
417,Cold Feet,"DeFelice, Cynthia",OR,0,0,4,0,5.538042131,0,0,1274.5,1.076270136,510,0,0,0,1
1877,Undead and Unworthy,"Davidson, Mary Janice",CO,0,0,-0.2,1,7.338042131,1,0,10346.5,8.676270136,3490,0,1,0,0
610,Eat Me,"Javin, Linda",FL,1,0,-1.8,0,0.338042131,1,0,372,-1.723729864,1380,0,0,0,0
1406,Our Catholic Faith,"Roberts, Kenneth J.",IL,0,0,7.7,0,1.838042131,0,0,6489.5,2.076270136,984,0,0,0,0
399,"Chocolate War, The","Cormier, Robert",NH,0,1,1.6,0,7.838042131,1,0,17303,4.676270136,1703,0,1,0,1
439,Coram Boy,"Gavin, Jamila",CO,0,0,-0.2,0,7.338042131,0,0,10346.5,8.676270136,1800,0,0,0,1
423,Combat & Survival (series),NA,NM,0,0,2.4,0,-0.661957869,0,0,-2401.5,-0.523729864,517,0,0,0,0
255,Bling Bling:  Hip Hop's Crown Jewels,"Oh, Minya",AL,1,0,-13.2,1,-4.261957869,0,0,-5054,-5.023729864,3240,0,1,0,0
1080,Killing Johnny Fry,"Mosely, Walter",OK,0,0,-16.9,0,1.038042131,1,0,-3087.5,-3.723729864,3014,0,0,0,0
739,Goosebumps (series),"Stine, R.L.",KY,1,0,-10.4,0,-5.461957869,0,0,-5880.5,-6.923729864,53,0,0,0,1
399,"Chocolate War, The","Cormier, Robert",NC,0,1,-4.3,0,-1.461957869,1,0,-310,-1.523729864,480,0,0,0,0
740,Fun Home,"Bechdel, Alison",NY,1,0,10.2,1,-0.461957869,1,0,5007.5,3.376270136,3862,0,0,1,0
1090,Kissing Kate,"Myracle, Lauren",PA,0,1,2,1,2.338042131,0,0,4218,-1.623729864,3600,0,0,0,0
763,"Guide to Getting It On, The","Joannides, Paul",OR,0,0,4,0,5.538042131,0,0,1274.5,1.076270136,180,0,0,0,0
1957,What's Happening to Me?,"Mayle, Peter",NC,1,0,-4.3,1,-1.461957869,0,0,-310,-1.523729864,3198,0,0,0,0
241,Black Hawk Down,"Bowden, Mark",LA,1,0,-9.7,1,-4.761957869,0,0,-5120.5,-5.323729864,3487,0,1,0,0
644,Every Many for Himself,"Bainbridge, Beryl",PA,0,0,2,1,2.338042131,0,0,4218,-1.623729864,3600,0,0,0,0
1758,Tank Girl,"Hewlitt, Jamie",IN,0,0,-6.2,1,2.538042131,0,0,1086.5,-4.623729864,3378,0,0,0,1
148,Knocked Out By My Nunga-Nungas,"Rennison, Louise",IA,0,0,1,0,6.538042131,1,0,3921.5,-2.823729864,2759,0,0,1,0
1026,Native Son,"Wright, Richard",PA,0,0,2,1,2.338042131,0,0,4218,-1.623729864,3600,0,0,0,0
356,Captain Underpants,"Pilkey, Dav",CO,0,0,-0.2,1,7.338042131,0,0,10346.5,8.676270136,3876,0,1,0,0
1568,Sandpiper,"Wittlinger, Ellen",SC,0,0,-7.8,0,-3.261957869,1,0,-2191.5,-3.623729864,2404,0,1,0,0
1275,Molly's Family,"Garden, Nancy",CA,0,0,7.4,1,-2.761957869,0,1,10119,2.576270136,3200,0,0,1,0
1803,This Vast Land,"Ambrose, Stephen",IN,0,0,-6.2,0,2.538042131,1,0,1086.5,-4.623729864,2759,0,1,0,0
1696,"Star Group, The","Pike, Christopher",ID,1,1,-17.4,0,5.138042131,1,0,3194,-2.323729864,120,0,0,0,1
1154,Little Vampire Does Kung Fu,"Sfar, Joann",IA,1,0,1,NA,6.538042131,0,0,3921.5,-2.823729864,NA,0,0,0,1
958,I Know Why the Caged Bird Sings,"Angelou, Maya",PA,0,1,2,0,2.338042131,1,0,4218,-1.623729864,480,0,1,0,0
1105,Last Refuge of Scoundrels,"Lussier, Paul",CO,0,0,-0.2,0,7.338042131,1,0,10346.5,8.676270136,1800,0,0,0,0
1662,So Hard to Say,"Sanchez, Alex",PA,0,0,2,1,2.338042131,0,0,4218,-1.623729864,3600,0,0,0,0
952,I Am the Cheese,"Cormier, Robert",OH,1,1,-0.7,0,3.438042131,0,0,2469,-2.923729864,2848,0,0,0,0
857,"Hang-Ups, Hook-Ups, and Holding Out","Holmes, Melisa and Trish Hutchinson",NY,0,0,10.2,1,-0.461957869,0,1,5007.5,3.376270136,3207,0,0,0,0
167,Ask Dame Edna,"Humphries, Barry",IL,0,0,7.7,0,1.838042131,0,0,6489.5,2.076270136,1119,0,0,0,0
689,Final Exit,"Humphry, Derek",NY,0,0,10.2,0,-0.461957869,0,0,5007.5,3.376270136,2106,0,0,0,0
1628,Siddhartha,"Hesse, Herman",TN,1,0,-8.7,0,-3.661957869,0,0,-2995.5,-4.423729864,2397,0,0,0,0
101,Alice on the Outside,"Naylor, Phyllis Reynolds",KY,0,1,-10.4,0,-5.461957869,1,0,-5880.5,-6.923729864,1924,0,0,0,0
1147,"Little Giant Book of Whodunits, The","Conrad, Hy",NY,0,0,10.2,0,-0.461957869,0,1,5007.5,3.376270136,2925,0,1,0,1
137,An American Tragedy,"Dreiser, Theodore",PA,0,0,2,1,2.338042131,0,0,4218,-1.623729864,3600,0,0,0,0
868,Harry Potter (series),"Rowling, J.K.",FL,0,1,-1.8,0,0.338042131,0,1,372,-1.723729864,1344,1,0,0,0
147,Angels & Demons,"Brown, Dan",OH,0,0,-0.7,0,3.438042131,0,0,2469,-2.923729864,2479,0,0,0,0
1080,On Bullshit,"Frankfurt, Harry G.",IA,0,0,1,0,6.538042131,0,0,3921.5,-2.823729864,2400,0,1,0,0
754,Geography Club,"Hartinger, Brent",SC,1,0,-7.8,0,-3.261957869,0,0,-2191.5,-3.623729864,1782,0,1,1,0
345,Buster's Sugartime,"Brown, Marc",LA,0,0,-9.7,1,-4.761957869,0,0,-5120.5,-5.323729864,3600,0,0,1,0
716,"Giver, The","Lowry, Lois",SC,1,1,-7.8,0,-3.261957869,0,0,-2191.5,-3.623729864,600,0,0,0,0
1689,"Spoken Word Revolution, The","Eleveld, Mark (editor)",WA,0,0,5,0,7.538042131,1,0,9907.5,3.676270136,2699,0,0,0,1
675,Fat Kid Rules the World,"Going, K.L.",PA,1,0,2,0,2.338042131,0,0,4218,-1.623729864,2414,0,1,0,0
13,A Child's Life,"Gloeckner, Phoebe",CO,0,0,-0.2,1,7.338042131,1,0,10346.5,8.676270136,3490,0,0,0,1
1827,Topping From Below,"Reese, Laura",CO,0,0,-0.2,0,7.338042131,1,0,10346.5,8.676270136,1426,0,0,0,0
1780,"Then Again, Maybe I Won't","Blume, Judy",NC,0,1,-4.3,0,-1.461957869,1,0,-310,-1.523729864,1050,0,0,0,0
45,A Separate Peach,"Knowles, John",PA,0,0,2,1,2.338042131,0,0,4218,-1.623729864,3600,0,0,0,0
297,Boy Meets Boy,"Levithan, David",GA,0,0,-6.8,0,-0.961957869,0,0,2239.5,0.276270136,2699,0,0,1,0
1537,Rogue Warrior: Violent Action,"Marcinko, Richard",MN,0,0,2.3,0,8.338042131,0,0,15378,3.376270136,1093,0,1,0,1
2054,Young Wives,"Goldsmith, Olivia",CO,0,0,-0.2,0,7.338042131,0,0,10346.5,8.676270136,1426,0,1,0,0
1486,"Pursuit of Happiness, The","Gardner, Chris",PA,1,0,2,1,2.338042131,1,0,4218,-1.623729864,3610,0,1,0,1
267,"Bluest Eye, The","Morrison, Toni",CO,1,1,-0.2,0,7.338042131,1,0,10346.5,8.676270136,2352,0,0,0,0
862,Hardy Boys Undercover Brothers:  The Opposite Numbers,"Lobdell, Scott",OH,0,0,-0.7,1,3.438042131,1,0,2469,-2.923729864,3807,0,0,0,0
1559,Sahara Special,"Codell, Esme Rajo",AZ,0,0,-6.1,1,1.438042131,0,0,3490.5,-0.523729864,3685,0,1,0,0
682,Feed,"Anderson, M.T.",NY,1,0,10.2,0,-0.461957869,0,0,5007.5,3.376270136,3080,0,1,0,0
728,"Free Your Mind: The Book for Gay, Lesbian, and Bisexual Youth","Bass, Ellen",GA,0,0,-6.8,0,-0.961957869,0,0,2239.5,0.276270136,2699,0,0,1,0
2057,Yu Yu Hakusho (series),"Togashi, Yoshihiro",AZ,0,0,-6.1,1,1.438042131,1,0,3490.5,-0.523729864,3240,0,0,0,1
1571,Satellite Down,"Thomas, Rob",OR,0,0,4,0,5.538042131,1,0,1274.5,1.076270136,510,0,1,0,0
158,Arming America,"Bellesiles, Michael",AZ,0,0,-6.1,0,1.438042131,0,0,3490.5,-0.523729864,2418,0,0,0,0
69,"Absolutely True Diary of a Part-Time Indian, The","Alexie, Sherman",OR,1,0,4,1,5.538042131,1,0,1274.5,1.076270136,3220,0,0,0,0
1897,Velderet,"Tan, Cecilia",CO,0,0,-0.2,0,7.338042131,1,0,10346.5,8.676270136,1426,0,0,0,0
165,As I Lay Dying,"Faulkner, William",PA,0,0,2,1,2.338042131,0,0,4218,-1.623729864,3600,0,0,0,0
205,"Beast, The","Meyers, Walter Dean",PA,0,0,2,1,2.338042131,0,0,4218,-1.623729864,3600,0,0,0,0
1019,Naomi and Ely's No Kiss List:  A Novel,"Cohn, Rachel",OK,1,0,-16.9,0,1.038042131,1,0,-3087.5,-3.723729864,3006,0,1,1,0
1840,Triathalon,YMCA,PA,0,0,2,0,2.338042131,0,0,4218,-1.623729864,840,1,0,0,0
1819,To Train Up A Child,"Pearl, Michael and Debi",OH,0,0,-0.7,1,3.438042131,0,0,2469,-2.923729864,3729,0,0,0,1
743,Gotham Central:  The Quick & the Dead,"Rucka, Greg",PA,0,0,2,1,2.338042131,1,0,4218,-1.623729864,3312,0,0,1,0
1087,King Stork,"Pyle, Howard",AK,0,0,-13.4,1,8.738042131,0,0,15707.5,0.676270136,3197,0,0,0,1
1577,Scorpions,"Myers, Walter Dean",NJ,0,0,4.4,0,2.538042131,0,0,19935.5,5.776270136,480,0,0,0,0
990,In the Middle of the Night,"McDonald, Brian",CT,0,0,7.1,1,4.438042131,0,0,16247.5,7.376270136,3525,0,0,0,1
1990,"Whole Lesbian Sex Book, The","Newman, Felice",OR,0,0,4,0,5.538042131,1,0,1274.5,1.076270136,510,0,0,0,0
1773,"Tenth Circle, The","Picoult, Jodi",PA,0,0,2,1,2.338042131,0,0,4218,-1.623729864,3600,0,0,0,0
1488,Queen of Cool,"Castellucci, Cecil",MO,0,0,-3.1,1,1.738042131,1,0,1279.5,-2.423729864,3530,0,1,0,0
411,Clay Boy,"Ginsburg, Mirra",MN,0,0,2.3,0,8.338042131,0,0,15378,3.376270136,196,0,0,0,1
567,"Don't You Dare Read This, Mrs. Dunphrey","Haddix, Margaret Peterson",CA,0,0,7.4,0,-2.761957869,1,0,10119,2.576270136,1560,0,1,0,0
133,America (The Book):  A Citizen's Guide to Democracy Inaction,"Stewart, Jon",GA,0,0,-6.8,0,-0.961957869,0,0,2239.5,0.276270136,3080,0,1,0,0
1270,Missing,"Pascal, Francine",TN,0,0,-8.7,0,-3.661957869,0,0,-2995.5,-4.423729864,1718,0,1,0,1
2034,"Wonderful Story Henry Sugar and Six More, The","Dahl, Roald",IL,1,0,7.7,0,1.838042131,0,0,6489.5,2.076270136,2759,0,0,0,1
1849,TTFN,"Myracle, Lauren",OK,1,1,-16.9,0,1.038042131,1,0,-3087.5,-3.723729864,3014,0,0,0,0
148,"Angus, Thongs, and Full Frontal Snogging","Rennison, Louise",CA,0,0,7.4,0,-2.761957869,1,1,10119,2.576270136,1917,0,1,0,0
1709,Stonewall: Riots that Parked the Gay Revolution,"Carter, David",OR,0,0,4,0,5.538042131,0,0,1274.5,1.076270136,1804,0,0,1,0
1698,Star Wars:  Return of the Jedi II,Dark Horse Comics,VA,1,0,-1.7,1,1.938042131,1,0,11296,5.476270136,3669,0,0,0,0
1434,"Perks of Being a Wallflower, The","Chbosky, Stephen",IL,0,0,7.7,0,1.838042131,1,0,6489.5,2.076270136,2309,0,0,0,0
1972,When She Was Good,"Mazer, Norma Fox",AL,0,0,-13.2,1,-4.261957869,1,0,-5054,-5.023729864,3240,0,1,0,1
863,Harlot's Ghost,"Mailer, Norman",OR,0,0,4,0,5.538042131,0,0,1274.5,1.076270136,180,0,0,0,0
217,"Bermudez Triangle, The","Johnson, Maureen",OK,1,0,-16.9,0,1.038042131,1,1,-3087.5,-3.723729864,3014,0,1,1,0
143,And Tango Makes Three,"Parnell, Peter and Justin Richardson",MI,0,1,3.8,1,3.838042131,0,1,2966,-2.223729864,3214,0,0,1,0
1779,Their Eyes Were Watching God,"Hurston, Zora Neale",PA,0,0,2,1,2.338042131,0,0,4218,-1.623729864,3600,0,0,0,0
224,Between the Sheets,Editors of Penthouse,OR,0,0,4,0,5.538042131,1,0,1274.5,1.076270136,990,0,0,0,0
1872,Uncle Bobby's Wedding,"Brannen, Sarah S.",CO,0,0,-0.2,0,7.338042131,0,0,10346.5,8.676270136,3080,0,0,1,0
1182,"Lottery, The","Jackson, Shirley",OR,0,0,4,0,5.538042131,0,0,1274.5,1.076270136,510,0,0,0,1
143,And Tango Makes Three,"Parnell, Peter and Justin Richardson",KY,0,1,-10.4,1,-5.461957869,0,0,-5880.5,-6.923729864,3240,0,0,1,0
1156,Lives of Notable Gay Men and Lesbians,NA,CA,1,0,7.4,0,-2.761957869,0,0,10119,2.576270136,420,0,0,1,0
450,Cracking India,"Sidhwa, Bapsi",FL,0,0,-1.8,0,0.338042131,1,0,372,-1.723729864,2352,0,0,0,0
1199,Lucky,"Sebold, Alice",PA,0,0,2,1,2.338042131,0,0,4218,-1.623729864,3600,0,0,0,0
344,Busted,"Bildner, Phil",PA,0,0,2,1,2.338042131,0,0,4218,-1.623729864,3600,0,0,0,0
861,Happy Endings:  The Tales of a Meaty-Breasted Zilch,"Norton, Jim",MS,1,0,-9.5,0,-6.661957869,0,0,-8466.5,-7.123729864,2807,0,0,0,0
408,"Claiming of Sleeping Beauty, The","Rice, Anne",PA,0,0,2,NA,2.338042131,1,0,4218,-1.623729864,NA,0,0,0,0
1004,Interstellar Pig,"Sleator, William",MN,0,0,2.3,0,8.338042131,0,0,15378,3.376270136,375,0,1,0,0
1434,"Perks of Being a Wallflower, The","Chbosky, Stephen",IN,1,0,-6.2,1,2.538042131,1,0,1086.5,-4.623729864,3204,0,1,1,0
242,Black Hole,"Burns, Charles",NC,0,0,-4.3,0,-1.461957869,0,0,-310,-1.523729864,2699,0,0,0,1
1911,Walter the Farting Dog,"Kotzwinkle, William",OH,0,0,-0.7,1,3.438042131,0,0,2469,-2.923729864,3580,0,1,0,0
1174,Looking for Alaska,"Green, John",OH,0,0,-0.7,1,3.438042131,1,0,2469,-2.923729864,3494,0,1,0,0
1837,Travels of Babar,"DeBrunhoff, Jean",IN,0,0,-6.2,0,2.538042131,0,0,1086.5,-4.623729864,982,0,0,0,1
713,"Sisterhood of the Traveling Pants, The","Brashares, Ann",NC,0,0,-4.3,0,-1.461957869,0,0,-310,-1.523729864,2852,0,1,0,0
722,Frank: Volume Two,"Woodring, Jim",OR,0,0,4,0,5.538042131,0,0,1274.5,1.076270136,510,0,0,0,1
245,Black Misery,"Hughes, Lanston",OR,0,0,4,0,5.538042131,0,0,1274.5,1.076270136,1800,0,0,0,0
1684,Speak,"Anderson, Laurie Halse",CO,0,0,-0.2,0,7.338042131,0,0,10346.5,8.676270136,1440,0,0,0,0
1849,TTYL,"Myracle, Lauren",PA,0,1,2,1,2.338042131,0,0,4218,-1.623729864,3600,0,0,0,0
1490,Quest for More Money,"Okuda, Hitoshi",CO,0,0,-0.2,0,7.338042131,0,0,10346.5,8.676270136,1426,0,0,0,0
1972,When She Was Good,"Mazer, Norma Fox",PA,0,0,2,1,2.338042131,0,0,4218,-1.623729864,3600,0,0,0,0
741,Gossip Girl (series),"Von Ziegesar, Cecily",FL,0,0,-1.8,1,0.338042131,1,0,372,-1.723729864,3406,0,0,0,0
1434,"Perks of Being a Wallflower, The","Chbosky, Stephen",NY,1,0,10.2,0,-0.461957869,1,0,5007.5,3.376270136,1472,0,0,0,0
78,"Adventures of Tom Sawyer, The","Twain, Mark",IA,0,0,1,0,6.538042131,0,0,3921.5,-2.823729864,2770,0,1,0,0
591,"Drowning of Stephen Jones, The","Greene, Bette",SC,1,0,-7.8,0,-3.261957869,0,0,-2191.5,-3.623729864,832,0,1,1,1
10,A Bell for Adano,"Hersey, John",NC,0,0,-4.3,0,-1.461957869,0,0,-310,-1.523729864,1672,0,1,0,0
1930,We All Fall Down,"Cormier, Robert",KS,1,1,-11.5,0,6.438042131,1,0,144.5,1.776270136,1380,0,1,0,0
1559,Sahara Special,"Codell, Esme",OH,1,0,-0.7,0,3.438042131,0,0,2469,-2.923729864,2456,0,1,0,0
1480,Princess Mia,"Cabot, Meg",IL,0,0,7.7,1,1.838042131,0,0,6489.5,2.076270136,3201,0,0,0,0
331,Bunker 13,"Bahal, Aniruddha",CO,0,0,-0.2,0,7.338042131,0,0,10346.5,8.676270136,1800,0,0,0,0
143,And Tango Makes Three,"Parnell, Peter and Justin Richardson",TN,0,1,-8.7,0,-3.661957869,0,0,-2995.5,-4.423729864,2399,0,0,1,0
1174,Looking for Alaska,"Green, John",PA,0,0,2,1,2.338042131,0,0,4218,-1.623729864,3600,0,0,0,0
411,Clay Boy,"Ginsburg, Mirra",OR,0,0,4,0,5.538042131,0,0,1274.5,1.076270136,510,0,0,0,1
1218,Mambo Kings Play Songs of Love,"Hijuelos, Oscar",CO,0,0,-0.2,0,7.338042131,1,0,10346.5,8.676270136,1440,0,0,0,0
1240,"Mary, Bloody Mary","Meyer, Carolyn",CO,0,0,-0.2,0,7.338042131,0,0,10346.5,8.676270136,1440,0,1,0,0
584,Dream Boy,"Grimsley, Jim",OR,1,0,4,0,5.538042131,0,0,1274.5,1.076270136,510,0,0,1,0
1245,"Me, Penelope","Jahn-Clough, Lisa",PA,0,0,2,1,2.338042131,0,0,4218,-1.623729864,3600,0,0,0,0
101,Alice on the Outside,"Naylor, Phyllis Reynolds",AZ,0,1,-6.1,0,1.438042131,1,0,3490.5,-0.523729864,1455,0,0,0,0
1277,Monkey High Vol. 3,"Akira, Shouko",MI,0,0,3.8,1,3.838042131,0,0,2966,-2.223729864,3413,0,0,0,0
268,Body Drama,"Redd, Nancy Amanda",PA,0,0,2,1,2.338042131,0,0,4218,-1.623729864,3179,0,0,0,0
148,"Angus, Thongs, and Full Frontal Snogging","Rennison, Louise",NY,1,0,10.2,0,-0.461957869,0,0,5007.5,3.376270136,1560,0,0,0,0
1166,"Long Hard Road out of Hell, The","Manson, Marilyn",OR,0,0,4,0,5.538042131,1,0,1274.5,1.076270136,1426,0,0,0,0
69,"Absolutely True Diary of a Part-Time Indian, The","Alexie, Sherman",MO,1,0,-3.1,1,1.738042131,0,0,1279.5,-2.423729864,3784,0,1,0,1
1849,TTYL,"Myracle, Lauren",WI,0,1,2.4,1,5.538042131,1,0,4234.5,-1.623729864,3343,0,0,0,0
1170,Look At Me,"Egan, Jennifer",MI,0,0,3.8,0,3.838042131,1,0,2966,-2.223729864,709,0,0,0,0
2033,Wonder When You'll Miss Me,"Davis, Amanda",PA,0,0,2,1,2.338042131,0,0,4218,-1.623729864,3600,0,0,0,0
663,Fallen Angels,"Myers, Walter Dean",WA,1,0,5,0,7.538042131,0,0,9907.5,3.676270136,1082,0,1,0,0
783,"Girl, Interrupted","Kaysen, Susanna",NY,0,0,10.2,1,-0.461957869,1,0,5007.5,3.376270136,3217,0,1,0,0
374,"Catcher in the Rye, The","Salinger, J.D.",MT,0,0,-7.1,1,7.638042131,1,0,-6482,0.376270136,3365,0,1,0,0
891,Henry of Atlantic City,"Reuss, Fredrick",OR,0,0,4,0,5.538042131,0,1,1274.5,1.076270136,510,0,0,0,0
307,Braless in Wonderland,"Fischer, Debbie Reed",PA,0,0,2,1,2.338042131,0,0,4218,-1.623729864,3600,0,0,0,0
1054,"Joy of Gay Sex, The","Silverstein, Dr. Charles and Felice Picano",KS,1,0,-11.5,1,6.438042131,1,0,144.5,1.776270136,3289,0,0,0,0
1981,Whisper In the Dark,"Bruchac, Joseph",PA,0,0,2,1,2.338042131,0,0,4218,-1.623729864,3600,0,0,0,0
687,"Fighting Ground, The",Avi,FL,1,0,-1.8,1,0.338042131,0,0,372,-1.723729864,3221,0,1,0,0
80,Afrolantica Legacies,"Bell, Derrick",OR,0,0,4,0,5.538042131,0,0,1274.5,1.076270136,180,0,0,0,0
1254,Mick Harte Was Here,"Park, Barbara",ND,0,0,-10.4,0,4.338042131,0,0,-813,-2.023729864,1800,0,0,0,0
1448,"Pillars of the Earth, The","Follet, Ken",VA,1,0,-1.7,0,1.938042131,1,0,11296,5.476270136,510,0,0,0,1
1621,Shogun,"Clavell, James",VA,1,0,-1.7,0,1.938042131,0,0,11296,5.476270136,510,0,0,0,0
716,"Giver, The","Lowry, Lois",FL,0,1,-1.8,0,0.338042131,1,0,372,-1.723729864,0,0,0,0,1
428,Completely Queer: the Gay & Lesbian Encyclopedia,"Hogan, Steve",OR,0,0,4,0,5.538042131,0,0,1274.5,1.076270136,1800,0,0,1,0
1816,Tithe: A Modern Faerie Tale,"Black, Holly",OR,0,0,4,1,5.538042131,1,0,1274.5,1.076270136,3600,0,0,0,0
1069,Of Mice and Men,"Steinbeck, John",OR,0,1,4,0,5.538042131,0,0,1274.5,1.076270136,2812,0,1,0,1
756,Grendel,"Gardner, John",TN,0,0,-8.7,0,-3.661957869,0,0,-2995.5,-4.423729864,480,0,0,0,0
1409,Outrageously Alice,"Naylor, Phyllis Reynolds",CO,0,1,-0.2,0,7.338042131,0,0,10346.5,8.676270136,1440,0,0,0,0
1531,Ripping Time,"Asprin, Robert",OR,0,0,4,0,5.538042131,1,0,1274.5,1.076270136,510,0,0,0,0
993,My Brother Sam Is Dead,"Collier, James Lincoln",PA,0,0,2,1,2.338042131,0,0,4218,-1.623729864,3600,0,0,0,0
232,Billie Standish Was Here,"Crocker, Nancy",PA,0,0,2,1,2.338042131,0,0,4218,-1.623729864,3600,0,0,0,0
1659,"Snowman, The","Stine, R.L.",PA,0,0,2,0,2.338042131,0,0,4218,-1.623729864,3080,0,0,0,1
1103,"Last of the Mohicans, The","Cooper, James Fenimore",PA,0,0,2,1,2.338042131,0,0,4218,-1.623729864,3600,0,0,0,0
1450,"Pinkerton, Behave!","Kellogg, Steven",OR,0,0,4,0,5.538042131,0,0,1274.5,1.076270136,1426,0,0,0,0
1849,TTFN,"Myracle, Lauren",OK,1,1,-16.9,0,1.038042131,1,0,-3087.5,-3.723729864,3127,0,0,0,0
1702,Staying Fat for Sarah Byrnes,"Crutcher, Chris",NY,0,1,10.2,0,-0.461957869,0,0,5007.5,3.376270136,2329,0,1,0,0
938,How to Kill A Boy That Nobody Likes,"Clarke, Will",RI,0,0,11.2,0,-1.561957869,1,0,8141,1.576270136,3014,0,1,0,0
1005,My Place in Space,"Hirst, Robin & Sally",FL,0,0,-1.8,1,0.338042131,0,0,372,-1.723729864,3364,0,0,0,1
1389,Once There Was A Monkey,"Dolch, Edward",PA,0,0,2,0,2.338042131,0,0,4218,-1.623729864,2854,0,0,0,0
51,A Stroke of Midnight,"Hamilton, Laurell K.",CO,0,0,-0.2,1,7.338042131,0,1,10346.5,8.676270136,3490,0,0,0,0
1063,Just Friends,"Klein, Norma",CA,1,0,7.4,0,-2.761957869,1,0,10119,2.576270136,120,0,0,0,0
1052,"Journey Out:  A Guide for and about Lesbian, Gay, and Bisexual Teens, The",Rachell Pollack and Cheryl Schwartz,NJ,0,0,4.4,0,2.538042131,0,0,19935.5,5.776270136,2493,0,0,0,0
1528,Rhymes With Witches,"Myracle, Lauren",PA,0,1,2,1,2.338042131,0,0,4218,-1.623729864,3600,0,0,0,0
1809,Tiger Eyes,"Blume, Judy",LA,1,1,-9.7,0,-4.761957869,1,0,-5120.5,-5.323729864,0,0,1,0,0
1025,It's Perfectly Normal,"Harris, Robie",FL,0,1,-1.8,0,0.338042131,1,0,372,-1.723729864,328,0,0,0,0
1387,On the Fringe,"Gallo, Donald R.",PA,0,0,2,1,2.338042131,0,0,4218,-1.623729864,3600,0,0,0,0
1042,"Jesus, Symbol of God","Haight, Roger",MA,1,0,11.7,0,5.238042131,0,0,14048.5,9.176270136,540,0,0,0,0
1071,Key of Valor,"Roberts, Nora",OR,0,0,4,0,5.538042131,0,0,1274.5,1.076270136,2100,0,0,0,0
773,Hail Caesar,"Ha, Thu Huong",VT,0,0,13.4,1,6.838042131,1,0,8467,5.376270136,3224,0,0,0,0
907,Holes,"Sachar, Louis",OH,0,0,-0.7,0,3.438042131,0,0,2469,-2.923729864,480,0,0,0,0
1059,Nocturne,"McBain, Ed",OR,0,0,4,0,5.538042131,0,0,1274.5,1.076270136,180,0,0,0,1
1159,Locas,"Hernandez, Gilbert and Jaime Hernandez",IL,1,0,7.7,0,1.838042131,1,0,6489.5,2.076270136,2956,0,1,1,1
994,In the Time of Butterflies,"Alvarez, Julia",NY,0,0,10.2,0,-0.461957869,0,0,5007.5,3.376270136,268,0,0,0,0
983,In Country,"Mason, Bobbie Ann",IN,0,0,-6.2,1,2.538042131,1,0,1086.5,-4.623729864,3309,0,1,0,0
2060,Z is for Zombie,"Kutner, Merrily",OR,0,0,4,0,5.538042131,0,0,1274.5,1.076270136,990,0,0,0,0
1962,What's with the Dudes at the Door?,"Johnson, Kevin and James R. White",CO,0,0,-0.2,0,7.338042131,0,0,10346.5,8.676270136,1800,0,0,0,0
1515,Real Girl/Real World,"Gray, Heather M.",NJ,0,0,4.4,0,2.538042131,0,0,19935.5,5.776270136,2493,0,0,0,0
1393,One Flew Over the Cuckoo's Nest,"Kesey, Ken",PA,0,0,2,1,2.338042131,0,0,4218,-1.623729864,3600,0,0,0,0
445,Cowboy,"Wolf, Bernard",CO,0,0,-0.2,0,7.338042131,0,0,10346.5,8.676270136,1800,0,1,0,0
1581,"Second Ring of Power, The","Casteneda, Carlos",OR,0,0,4,0,5.538042131,0,0,1274.5,1.076270136,510,0,0,0,0
752,Gay-Neck:  The Story of a Pigeon,"Mukerji, Dhan Gopal",TN,0,0,-8.7,1,-3.661957869,0,0,-2995.5,-4.423729864,3860,0,0,0,0
1726,Stuck in the Middle:  Seventeen Comics from an Unpleasant Age,"Schrag, Ariel",SD,1,0,-8.9,1,5.038042131,1,0,785,-2.523729864,3291,0,1,0,0
1941,Whale Talk,"Crutcher, Chris",OH,1,1,-0.7,0,3.438042131,0,0,2469,-2.923729864,2854,0,1,0,0
1215,Mama Fue Pequena Antes de Ser Mayor,"Larrodo, Valerie; Desmareau, Claudine (illustrator); Rubio, Esther (translator)",PA,1,0,2,0,2.338042131,0,0,4218,-1.623729864,2699,0,1,0,0
758,Getting Away With Murder:  The True Story of the Emmett Till Case,"Crowe, Chris",IL,0,0,7.7,1,1.838042131,0,0,6489.5,2.076270136,3266,0,0,0,1
115,"Alpha, Bravo, Charlie:  The Military Alphabet","Demarest, Chris L.",OR,0,0,4,1,5.538042131,0,0,1274.5,1.076270136,3600,0,0,0,0
978,Iktomi and the Coyote,"Goble, Paul",OK,1,0,-16.9,0,1.038042131,0,1,-3087.5,-3.723729864,2135,0,0,0,1
280,Book of Mr. Natural,"Crumb, R.",CO,0,0,-0.2,0,7.338042131,1,0,10346.5,8.676270136,1425,0,0,0,0
1069,Of Mice and Men,"Steinbeck, John",SC,0,1,-7.8,0,-3.261957869,0,0,-2191.5,-3.623729864,480,0,0,0,0
484,Daddy's Roommate,"Willhoite, Michael",CO,0,0,-0.2,0,7.338042131,0,0,10346.5,8.676270136,1425,0,0,1,0
1067,Kaffir Boy,"Mathabane, Mark",CA,0,0,7.4,1,-2.761957869,0,0,10119,2.576270136,3875,0,1,0,0
1241,Master Math:  Basic Math and Pre-Algebra,"Ross, Debra",OR,1,0,4,1,5.538042131,0,0,1274.5,1.076270136,3600,0,0,0,0
1849,TTFN,"Myracle, Lauren",MO,1,1,-3.1,1,1.738042131,0,0,1279.5,-2.423729864,3180,0,0,0,0
1872,Uncle Bobby's Wedding,"Brannen, Sarah S.",MD,0,0,8.5,1,4.238042131,0,0,19404.5,7.376270136,3199,0,0,1,0
2048,Yellow Volumes 1-4,"Tateno, Makoto",NY,0,0,10.2,1,-0.461957869,0,0,5007.5,3.376270136,3675,0,0,1,0
337,"Burn Journals, The","Runyon, Brent",GA,1,0,-6.8,1,-0.961957869,1,0,2239.5,0.276270136,3307,0,1,0,0
1068,"Obsession, The","Harris, Jesse",MN,0,0,2.3,0,8.338042131,0,0,15378,3.376270136,227,0,0,0,1
1152,Little Miss Muffet and Other Nursery Rhymes,"Cousins, Lucy",OR,0,0,4,0,5.538042131,0,0,1274.5,1.076270136,510,0,0,0,0
1553,Running With Scissors,"Burroughs, Augusten",CT,0,0,7.1,0,4.438042131,1,0,16247.5,7.376270136,1254,0,1,1,0
220,Best Gay Bondage Erotica,"Labonte, Richard",OR,0,0,4,1,5.538042131,1,0,1274.5,1.076270136,3600,0,0,0,0
1253,Michael Moorcock's Stormbringer,"Russell, P. Craig",OR,0,0,4,0,5.538042131,1,0,1274.5,1.076270136,510,0,0,0,1
143,And Tango Makes Three,"Parnell, Peter and Justin Richardson",IA,0,1,1,1,6.538042131,0,0,3921.5,-2.823729864,3476,0,0,1,0
1120,Lessons From a Dead Girl,"Knowles, Jo",KY,0,0,-10.4,1,-5.461957869,1,1,-5880.5,-6.923729864,3495,0,1,1,0
607,"Earth, My Butt and Other Big Round Things, The","Mackler, Carolyn",OH,1,0,-0.7,0,3.438042131,1,1,2469,-2.923729864,2479,0,0,0,0
1512,Ready or Not,"Cabot, Meg",LA,0,0,-9.7,1,-4.761957869,1,1,-5120.5,-5.323729864,3239,0,0,0,0
42,A Rock and a Hard Place,"Johnson, Anthony Godby",CO,1,0,-0.2,0,7.338042131,1,0,10346.5,8.676270136,1425,0,0,0,0
559,Doing It,"Burgess, Melvin",MN,0,0,2.3,NA,8.338042131,0,0,15378,3.376270136,NA,0,1,0,0
1747,T.E. Lawrence: Lives of Notable Gay Men and Lesbians,"Wolfe, Daniel",CO,0,0,-0.2,0,7.338042131,0,0,10346.5,8.676270136,1800,0,0,1,0
733,Gone With the Wind,"Mitchell, Margaret",PA,0,0,2,1,2.338042131,0,0,4218,-1.623729864,3600,0,0,0,0
2023,Witness,"Hesse, Karen",OR,1,0,4,0,5.538042131,0,0,1274.5,1.076270136,1427,0,1,0,1
1699,"Starplace, The","Grove, Vicki",PA,0,0,2,1,2.338042131,0,0,4218,-1.623729864,3600,0,0,0,0
1627,Shrek,"Steig, William",IL,0,0,7.7,0,1.838042131,0,0,6489.5,2.076270136,3152,0,1,0,0
1622,Shooter,"Meyers, Walter Dean",PA,0,0,2,1,2.338042131,0,0,4218,-1.623729864,3600,0,0,0,0
414,Coal Black Horse,"Olmstead, Robert",PA,0,0,2,1,2.338042131,0,0,4218,-1.623729864,3600,0,0,0,0
1552,Running Loose,"Crutcher, Chris",OH,0,1,-0.7,0,3.438042131,1,0,2469,-2.923729864,3080,0,1,0,0
1993,Who's in a Family?,"Skutch, Robert",OH,0,0,-0.7,1,3.438042131,0,0,2469,-2.923729864,3802,0,0,1,0
717,Glass,"Hopkins, Ellen",MO,1,0,-3.1,1,1.738042131,1,0,1279.5,-2.423729864,3835,0,0,0,0
484,Daddy's Roommate,"Willhoite, Michael",IL,0,0,7.7,0,1.838042131,0,0,6489.5,2.076270136,1917,0,0,1,0
158,Arming America,"Bellesiles, Michael",CO,0,0,-0.2,0,7.338042131,0,0,10346.5,8.676270136,1800,0,0,0,0
356,Captain Underpants (series),"Pilkey, Dav",MI,0,0,3.8,0,3.838042131,0,1,2966,-2.223729864,1986,0,0,0,1
297,Boy Meets Boy,"Levithan, David",OK,0,0,-16.9,0,1.038042131,0,0,-3087.5,-3.723729864,1800,0,0,0,0
1016,Naked Prey,"Sandford, John",OK,0,0,-16.9,0,1.038042131,0,0,-3087.5,-3.723729864,1800,0,1,0,0
1250,"Merriam-Webster's Collegiate Dictionary, 10th Collegiate Edition",Merriam-Webster,CA,1,0,7.4,1,-2.761957869,0,0,10119,2.576270136,3632,0,1,0,0
1951,What My Mother Doesn<U+0092>t Know,"Sones, Sonya",AZ,0,0,-6.1,0,1.438042131,0,0,3490.5,-0.523729864,1748,0,1,0,0
321,Bronx Masquerade,"Grimes, Nikki",PA,0,0,2,1,2.338042131,0,0,4218,-1.623729864,3600,0,0,0,0
1024,"It's Not the Stork!:  A Book About Girls, Boys, Babies and Bodies","Harris, Robie",NE,0,1,-13.5,1,7.038042131,1,0,4927.5,-0.323729864,3343,0,0,0,0
714,Forgotten Fire,"Bagdasarian, Adam",OK,0,0,-16.9,0,1.038042131,1,0,-3087.5,-3.723729864,3014,0,0,0,0
1117,"Lesbian Kama Sutra, The","Harding, Kat",KS,1,0,-11.5,1,6.438042131,1,0,144.5,1.776270136,3289,0,0,0,0
1056,Jubilee,"Walker, Margaret",WA,0,0,5,0,7.538042131,0,0,9907.5,3.676270136,480,0,1,0,0
1705,Stolen Gods,"Page, Jake",CO,1,0,-0.2,0,7.338042131,0,0,10346.5,8.676270136,1426,0,1,0,0
868,Harry Potter and the Prisoner of Azkaban,"Rowling, J.K.",MN,0,1,2.3,0,8.338042131,0,1,15378,3.376270136,50,0,1,0,1
75,"Adventures of Huckleberry Finn, The","Twain, Mark",PA,0,0,2,1,2.338042131,0,0,4218,-1.623729864,3600,0,0,0,0
1083,King & King,"de Haan, Linda",MA,0,0,11.7,0,5.238042131,0,0,14048.5,9.176270136,1200,0,0,1,0
1681,"Source, The",NA,VA,1,0,-1.7,0,1.938042131,0,0,11296,5.476270136,510,0,0,0,0
1941,Whale Talk,"Crutcher, Chris",AL,1,1,-13.2,0,-4.261957869,0,0,-5054,-5.023729864,1986,0,1,0,0
373,Catch-22,"Heller, Joseph",PA,0,0,2,1,2.338042131,0,0,4218,-1.623729864,3600,0,0,0,0
143,And Tango Makes Three,"Parnell, Peter and Justin Richardson",CA,0,1,7.4,1,-2.761957869,0,0,10119,2.576270136,3200,0,0,1,0
936,How They Met and Other Stories,"Levithan, David",AK,0,0,-13.4,1,8.738042131,0,0,15707.5,0.676270136,3200,0,0,0,0
1081,Killing Mr. Griffin,"Duncan, Lois",NE,0,0,-13.5,0,7.038042131,0,0,4927.5,-0.323729864,480,0,1,0,1
477,Cut,"McCormick, Patricia",FL,1,0,-1.8,0,0.338042131,0,0,372,-1.723729864,801,0,0,0,0
1936,Welcome with Love,"Overend, Jenni",TN,0,0,-8.7,0,-3.661957869,0,0,-2995.5,-4.423729864,1924,0,0,0,0
557,Dogsong,"Paulsen, Gary",MA,0,0,11.7,0,5.238042131,0,0,14048.5,9.176270136,480,0,0,0,1
1740,"Sun Also Rises, The","Hemingway, Ernest",PA,0,0,2,1,2.338042131,0,0,4218,-1.623729864,3600,0,0,0,0
1871,Ulysses,"Joyce, James",PA,0,0,2,1,2.338042131,0,0,4218,-1.623729864,3600,0,0,0,0
1279,Monster Goose,"Sierra, Judy",OR,0,0,4,0,5.538042131,0,0,1274.5,1.076270136,1426,0,0,0,1
1686,Spinners,"Napoli, Donna Jo",IL,0,0,7.7,0,1.838042131,0,1,6489.5,2.076270136,597,0,0,0,0
1789,They're All Named Wildfire,"Springer, Nancy",CA,0,0,7.4,0,-2.761957869,0,0,10119,2.576270136,2040,0,1,0,1
1130,Life Is Funny,"Frank, E.R.",VA,0,0,-1.7,1,1.938042131,0,0,11296,5.476270136,3191,0,0,0,0
1657,Snow Falling on Cedars,"Guterson, David",VA,1,0,-1.7,0,1.938042131,0,0,11296,5.476270136,510,0,0,0,0
1148,"Little Girl Who Did<U+0085>What?, The","Dupuy, Diane",VA,1,0,-1.7,NA,1.938042131,0,0,11296,5.476270136,NA,0,1,0,0
1496,"Rag and Bone Shop, The","Cormier, Robert",OH,1,1,-0.7,0,3.438042131,0,0,2469,-2.923729864,2848,0,0,0,0
1583,Secret Identity,"Yoe, Craig",LA,0,0,-9.7,1,-4.761957869,1,0,-5120.5,-5.323729864,3600,0,0,0,0
1195,"Lovely Bones, The","Sebold, Alice",IN,0,0,-6.2,0,2.538042131,0,0,1086.5,-4.623729864,1686,0,0,0,0
1941,Whale Talk,"Crutcher, Chris",DE,0,1,7,1,3.038042131,1,0,9167.5,0.976270136,3414,0,1,0,1
148,"Angus, Thongs, and Full Frontal Snogging","Rennison, Louise",CO,0,0,-0.2,0,7.338042131,0,0,10346.5,8.676270136,1440,0,0,0,0
963,I Saw Esau,"Opie, Iona and Peter Opie",OR,0,0,4,0,5.538042131,0,0,1274.5,1.076270136,510,0,0,0,0
491,Dancing in Red Shoes Will Kill You,"Cirrone, Dorian",OR,0,0,4,0,5.538042131,0,0,1274.5,1.076270136,1907,0,0,0,0
374,"Catcher in the Rye, The","Salinger, J.D.",PA,0,0,2,0,2.338042131,1,0,4218,-1.623729864,1660,0,1,0,0
1849,TTYL,"Myracle, Lauren",MO,1,1,-3.1,1,1.738042131,0,0,1279.5,-2.423729864,3180,0,0,0,0
75,"Adventures of Huckleberry Finn, The","Twain, Mark",OK,0,0,-16.9,0,1.038042131,0,0,-3087.5,-3.723729864,60,0,1,0,0
171,Athletic Shorts,"Crutcher, Chris",IA,0,1,1,0,6.538042131,0,0,3921.5,-2.823729864,2179,0,1,1,0
1067,Number the Stars,"Lowry, Lois",IL,0,1,7.7,1,1.838042131,0,0,6489.5,2.076270136,3191,0,0,0,0
1806,Three Little Words:  A Memoir,"Rhodes-Courter, Ashley",FL,0,0,-1.8,1,0.338042131,0,0,372,-1.723729864,3197,0,0,0,0
477,Cut,"McCormick, Patricia",PA,0,0,2,1,2.338042131,0,0,4218,-1.623729864,3600,0,0,0,0
958,I Know Why the Caged Bird Sings,"Angelou, Maya",CA,0,1,7.4,0,-2.761957869,1,0,10119,2.576270136,1696,0,0,0,1
716,"Giver, The","Lowry, Lois",ND,1,1,-10.4,1,4.338042131,1,0,-813,-2.023729864,3841,0,0,0,0
86,AIDS: You Can't Catch it Holding Hands,"de Saint Phalle, Niki",CO,1,0,-0.2,0,7.338042131,0,0,10346.5,8.676270136,1443,0,0,0,0
140,Anastasia Again!,"Lowry, Lois",FL,1,1,-1.8,0,0.338042131,0,0,372,-1.723729864,1917,0,0,0,0
1061,Junie B. Jones and a Little Monkey Business,"Park, Barbara",OR,0,0,4,0,5.538042131,0,0,1274.5,1.076270136,180,0,1,0,0
927,"House of the Spirits, The","Allende, Isabel",AK,0,0,-13.4,0,8.738042131,1,0,15707.5,0.676270136,1917,1,1,1,1
696,"Fire From Within, The","Castaneda, Carlos",OR,0,0,4,0,5.538042131,0,0,1274.5,1.076270136,510,0,1,0,0
49,A Stone In My Hand,"Clinton, Cathryn",FL,0,0,-1.8,0,0.338042131,0,0,372,-1.723729864,1473,0,0,0,0
727,Goddesses: A World of Myth and Magic,"Muten, Burleigh",CA,1,0,7.4,0,-2.761957869,0,0,10119,2.576270136,1697,1,0,0,0
1035,Janey's Girl,"Friesen, Gayle",OR,0,0,4,0,5.538042131,0,0,1274.5,1.076270136,510,0,0,0,0
160,Art for Lovers,"Adler, Sabine",OR,0,0,4,0,5.538042131,0,0,1274.5,1.076270136,1924,0,0,0,0
1205,Magic Eye,N.E. Thing Enterprises,OR,0,0,4,0,5.538042131,0,0,1274.5,1.076270136,990,0,0,0,0
29,A Life for a Life,"Hill, Ernest",IA,0,0,1,0,6.538042131,1,1,3921.5,-2.823729864,0,0,1,0,1
159,Arms and Armor,"Byam, Michelle",WA,1,0,5,0,7.538042131,0,1,9907.5,3.676270136,315,0,0,0,1
158,Arming America,"Bellesiles, Michael",OR,0,0,4,0,5.538042131,0,0,1274.5,1.076270136,1426,0,0,0,0
868,Harry Potter (series),"Rowling, J.K.",MI,0,1,3.8,0,3.838042131,0,0,2966,-2.223729864,480,1,0,0,0
754,Geography Club,"Hartinger, Brent",WA,1,0,5,0,7.538042131,0,0,9907.5,3.676270136,2121,0,0,1,0
214,Beloved,"Morrison, Toni",CO,0,1,-0.2,1,7.338042131,1,0,10346.5,8.676270136,3876,0,0,0,0
567,"Don't You Dare Read This, Mrs. Dunphrey","Haddix, Margaret Peterson",CA,1,0,7.4,0,-2.761957869,0,0,10119,2.576270136,1426,0,1,0,0
1025,It's Perfectly Normal,"Harris, Robie",ME,0,1,5.5,1,5.838042131,0,0,1335.5,-1.123729864,3218,0,0,0,0
1925,"Waterstone, The","Rupp, Rebecca",OR,0,0,4,0,5.538042131,0,0,1274.5,1.076270136,1857,0,0,0,0
539,Diary of a Groupie,"Tyree, Omar",PA,0,0,2,0,2.338042131,1,0,4218,-1.623729864,2093,0,1,0,0
763,"Guide to Getting It On, The","Joannides, Paul",MN,0,0,2.3,1,8.338042131,1,0,15378,3.376270136,3407,0,0,0,0
151,Anime from Akira to Princess Mononoke,"Napier, Susan",OR,0,0,4,0,5.538042131,0,0,1274.5,1.076270136,1426,0,0,0,0
1043,"Jewel of Medina, The","Jones, Sherry",NY,1,0,10.2,1,-0.461957869,0,0,5007.5,3.376270136,3222,0,0,0,0
1845,"Trouble With Wednesdays, The","Nathanson, Laura",MN,0,0,2.3,0,8.338042131,1,0,15378,3.376270136,2399,0,0,0,0
511,"Day After Tomorrow, The","Heinlein, Robert A.",IL,1,0,7.7,0,1.838042131,0,0,6489.5,2.076270136,3127,0,0,0,0
741,Gossip Girl (series),"Von Ziegesar, Cecily",FL,0,0,-1.8,1,0.338042131,1,0,372,-1.723729864,3805,0,1,0,0
1772,Tenderness,"Cormier, Robert",CO,0,1,-0.2,0,7.338042131,1,0,10346.5,8.676270136,1440,0,0,0,1
1420,Pandora Drive,"Waggoner, Tim",OH,0,0,-0.7,0,3.438042131,1,0,2469,-2.923729864,3013,0,1,0,0
917,Hoot,"Hiaasen, Carl",NC,0,0,-4.3,1,-1.461957869,0,0,-310,-1.523729864,3891,0,0,0,0
857,"Hang-Ups, Hook-Ups, and Holding Out","Holmes, Melisa",PA,0,0,2,1,2.338042131,0,0,4218,-1.623729864,3600,0,0,0,0
1674,Sophie's World,"Gaarder, Iostein",VA,1,0,-1.7,0,1.938042131,0,0,11296,5.476270136,510,0,0,0,0
953,I Been In Sorrows Kitchen and Licked All the Pots,"Straight, Susan",VA,1,0,-1.7,0,1.938042131,0,0,11296,5.476270136,510,0,0,0,0
1419,Panda,"Allen, Judy",IL,0,0,7.7,0,1.838042131,0,0,6489.5,2.076270136,2404,0,0,0,0
143,And Tango Makes Three,"Parnell, Peter and Justin Richardson",CA,0,1,7.4,0,-2.761957869,0,1,10119,2.576270136,2770,0,0,1,0
1761,Technical Date on the Shasta Dam,NA,CA,1,0,7.4,0,-2.761957869,0,0,10119,2.576270136,1800,0,0,0,0
1039,Nick & Norah's Infinite Playlist,"Cohn, Rachel",OK,1,0,-16.9,0,1.038042131,1,0,-3087.5,-3.723729864,3006,0,1,1,0
515,Deadline,"Crutcher, Chris",KY,1,1,-10.4,1,-5.461957869,0,0,-5880.5,-6.923729864,3595,0,0,0,0
435,Cooking Up a Storm,"Holly, Emma",OR,0,0,4,0,5.538042131,0,0,1274.5,1.076270136,2088,0,0,0,0
1811,Tijuana Bibles,"Adelman, Bob",OR,0,0,4,0,5.538042131,1,0,1274.5,1.076270136,180,0,0,0,1
148,"Angus, Thongs, and Full Frontal Snogging","Rennison, Louise",VA,0,0,-1.7,0,1.938042131,0,0,11296,5.476270136,2387,0,0,0,0
1106,"Laughing Corpse, The","Hamilton, Laurell K.",OR,0,0,4,0,5.538042131,1,0,1274.5,1.076270136,990,0,0,0,1
1853,Turning Angel,"Iles, Greg",MD,0,0,8.5,1,4.238042131,1,0,19404.5,7.376270136,3199,0,1,0,1
23,A Harvest of Changelings,"Rochelle, Warren",MI,0,0,3.8,1,3.838042131,1,0,2966,-2.223729864,3330,1,1,0,0
1489,Queer,"Gage, Simon",AK,0,0,-13.4,0,8.738042131,0,0,15707.5,0.676270136,1351,0,0,1,0
1928,Way Past Cool,"Mowry, Jess",CA,0,0,7.4,0,-2.761957869,1,0,10119,2.576270136,1026,0,1,0,0
1941,Whale Talk,"Crutcher, Chris",AL,1,1,-13.2,0,-4.261957869,0,0,-5054,-5.023729864,1924,0,1,0,0
1026,Native Son,"Wright, Richard",IL,0,0,7.7,0,1.838042131,0,0,6489.5,2.076270136,2204,0,0,0,0
510,Daughters of Eve,"Duncan, Lois",VA,0,0,-1.7,0,1.938042131,0,0,11296,5.476270136,180,0,0,0,0
318,"Brimstone Journals, The","Koertge, Ron",AL,1,0,-13.2,0,-4.261957869,0,1,-5054,-5.023729864,2221,0,1,1,1
1555,S.E.X.:  The All-You-Need-To-Know Progressive Sexuality Guide to Get You Through High School,"Corinna, Heather",CA,0,0,7.4,1,-2.761957869,0,0,10119,2.576270136,3508,0,0,0,0
1582,Seconds of Pleasure,"LaBute, Neil",OR,0,0,4,0,5.538042131,0,0,1274.5,1.076270136,2290,0,0,0,0
421,"Color Purple, The","Walker, Alice",ID,0,0,-17.4,0,5.138042131,1,0,3194,-2.323729864,3090,0,1,1,0
1815,Tips On Having A Gay (Ex) Boyfriend,"Jones, Carrie",PA,0,0,2,1,2.338042131,0,0,4218,-1.623729864,3600,0,0,0,0
1462,Police Brutality: Opposing Viewpoints,"Cothran, Helen",OR,0,0,4,0,5.538042131,0,0,1274.5,1.076270136,1800,0,0,0,0
1845,"Trouble With Wednesdays, The","Nathanson, Laura",CA,0,0,7.4,0,-2.761957869,1,0,10119,2.576270136,1341,0,0,0,0
419,"Coldest Winter Ever, The","Souljah, Sister",PA,0,0,2,0,2.338042131,1,0,4218,-1.623729864,2093,0,1,0,0
1739,Summer of My German Soldier,"Greene, Bette",AR,0,0,-8.8,0,-4.261957869,0,0,-6258.5,-7.323729864,828,0,1,0,0
1039,Jefferson's Children: The Story of One American Family,"Feldman, Jane",OR,0,0,4,0,5.538042131,0,0,1274.5,1.076270136,1426,0,0,0,0
35,A Moment in Time,"Gould, Judith",OR,0,0,4,0,5.538042131,1,0,1274.5,1.076270136,990,0,0,0,1
1717,Storytellers: Folktales and Legends from the South,"Burrison, John",IL,0,0,7.7,0,1.838042131,1,0,6489.5,2.076270136,801,0,1,0,0
95,Alice (series),"Naylor, Phyllis Reynolds",MO,1,1,-3.1,0,1.738042131,0,0,1279.5,-2.423729864,990,0,0,1,0
696,"Fire From Within, The","Castaneda, Carlos",OR,0,0,4,0,5.538042131,0,0,1274.5,1.076270136,180,0,0,0,0
1163,Lock and Key,"Dessen, Sarah",OH,0,0,-0.7,1,3.438042131,0,0,2469,-2.923729864,3176,0,0,0,0
1530,Ride,"Gammel, Stephen",OR,0,0,4,0,5.538042131,0,0,1274.5,1.076270136,1426,0,0,0,1
397,Chinese Handcuffs,"Crutcher, Chris",IN,0,1,-6.2,1,2.538042131,0,0,1086.5,-4.623729864,3595,0,1,0,0
170,"Astonishing Adventures of Fanboy and Goth Girl, The","Lyga, Barry",GA,1,0,-6.8,0,-0.961957869,0,0,2239.5,0.276270136,2917,0,1,0,0
67,Absolute Power,"Balducci, David",ID,1,0,-17.4,0,5.138042131,1,0,3194,-2.323729864,720,0,1,0,1
1127,Life Doesn't Frighten Me,"Angelou, Maya",OR,0,1,4,0,5.538042131,0,0,1274.5,1.076270136,510,0,0,0,0
196,Bastard Out of Carolina,"Allison, Dorothy",AZ,1,0,-6.1,0,1.438042131,1,0,3490.5,-0.523729864,982,0,0,0,0
229,"Bible, The",Various,PA,0,0,2,1,2.338042131,0,0,4218,-1.623729864,3600,0,0,0,0
487,Damage,"Jenkis, A.M.",WI,0,0,2.4,1,5.538042131,1,0,4234.5,-1.623729864,3609,0,0,0,0
1069,Of Mice and Men,"Steinbeck, John",LA,0,1,-9.7,0,-4.761957869,0,0,-5120.5,-5.323729864,480,0,1,0,0
452,Crank,"Hopkins, Ellen",MO,1,0,-3.1,1,1.738042131,1,0,1279.5,-2.423729864,3835,0,0,0,0
868,Harry Potter (series),"Rowling, J.K.",AR,0,1,-8.8,0,-4.261957869,0,0,-6258.5,-7.323729864,325,1,0,0,1
903,"History of Tom Jones, The","Fielding, Henry",PA,0,0,2,1,2.338042131,0,0,4218,-1.623729864,3600,0,0,0,0
102,Alice the Brave,"Naylor, Phyllis Reynolds",PA,1,1,2,0,2.338042131,1,0,4218,-1.623729864,1201,0,0,0,0
1228,Margaux With An X,"Koertge, Ron",PA,0,0,2,1,2.338042131,0,0,4218,-1.623729864,3600,0,0,0,0
1766,Teens & Sex,"Marcovitz, Hal",WI,0,0,2.4,1,5.538042131,1,0,4234.5,-1.623729864,3731,0,0,0,0
214,Beloved,"Morrison, Toni",PA,0,1,2,1,2.338042131,0,0,4218,-1.623729864,3600,0,0,0,0
570,Double Date,"Stine, R.L.",GA,1,0,-6.8,0,-0.961957869,1,0,2239.5,0.276270136,1472,0,0,0,1
1085,"King Must Die, The","Renault, Mary",VA,1,0,-1.7,0,1.938042131,0,0,11296,5.476270136,510,0,0,0,0
984,In Her Defense,"Horn, Stephen",CO,0,0,-0.2,0,7.338042131,0,0,10346.5,8.676270136,1426,0,1,0,0
2002,Will I Go To Heaven,"Mayle, Peter",CO,1,0,-0.2,0,7.338042131,0,0,10346.5,8.676270136,1426,0,0,0,0
721,Go and Come Back,"Abelove, Joan",WV,0,0,-7.9,0,-4.361957869,1,0,-7290,-9.223729864,169,0,0,0,0
958,I Know Why the Caged Bird Sings,"Angelou, Maya",AL,0,1,-13.2,0,-4.261957869,1,0,-5054,-5.023729864,480,0,0,0,0
228,Beyond the Chocolate War,"Cormier, Robert",PA,0,1,2,1,2.338042131,0,0,4218,-1.623729864,3600,0,0,0,0
1434,"Perks of Being a Wallflower, The","Chbosky, Stephen",IL,0,0,7.7,1,1.838042131,0,1,6489.5,2.076270136,3517,0,0,0,0
1081,Killing Mr. Griffin,"Duncan, Lois",OR,0,0,4,0,5.538042131,0,0,1274.5,1.076270136,990,0,1,0,0
761,Ghost,"Ringo, John",MN,0,0,2.3,0,8.338042131,1,0,15378,3.376270136,2399,0,0,0,0
425,Commonsense Rediscovered,"Herder, Dale",MI,0,0,3.8,0,3.838042131,0,0,2966,-2.223729864,2511,0,0,0,0
1063,Nothing's Sacred,"Black, Lewis",OH,0,0,-0.7,0,3.438042131,1,0,2469,-2.923729864,2807,0,1,0,0
416,Coffee Will Make You Black,"Sinclair, April",CT,0,0,7.1,0,4.438042131,1,0,16247.5,7.376270136,480,0,1,0,0
1995,Wicca 2000,"Telesco, Patricia",OR,0,0,4,0,5.538042131,0,0,1274.5,1.076270136,510,1,0,0,0
1143,"Listeners, The","Pike, Christopher",ID,1,1,-17.4,0,5.138042131,1,0,3194,-2.323729864,120,0,0,0,1
1094,"Koehler Method of Dog Training, The","Koehler, W.R.",CO,0,0,-0.2,0,7.338042131,1,0,10346.5,8.676270136,1800,0,1,0,0
629,"Empty Grave, The","Chilton, Ida",CT,0,0,7.1,0,4.438042131,1,0,16247.5,7.376270136,1560,1,0,0,1
1083,King & King,"de Haan, Linda",CO,0,0,-0.2,0,7.338042131,0,0,10346.5,8.676270136,1800,0,0,1,0
267,"Bluest Eye, The","Morrison, Toni",NC,0,1,-4.3,0,-1.461957869,1,0,-310,-1.523729864,1710,0,0,0,0
1083,King & King,"de Haan, Linda",PA,1,0,2,0,2.338042131,0,0,4218,-1.623729864,1050,0,0,1,0
210,Bedlam Burning,"Nicholson, Geoff",OR,0,0,4,0,5.538042131,1,0,1274.5,1.076270136,1426,0,1,0,0
935,How the Garcia Girls Lost Their Accents,"Alvarez, Julia",PA,0,0,2,1,2.338042131,0,0,4218,-1.623729864,3600,0,0,0,0
474,"Curious Incident of the Dog in the Night-Time, The","Haddon, Mark",OR,0,0,4,1,5.538042131,0,0,1274.5,1.076270136,3249,0,1,0,0
663,Fallen Angels,"Myers, Walter Dean",KY,0,0,-10.4,0,-5.461957869,0,0,-5880.5,-6.923729864,480,0,1,0,0
977,If You Loved Me,"Reynolds, Marilyn",CA,0,0,7.4,1,-2.761957869,1,0,10119,2.576270136,3301,0,0,0,0
1069,Keeping You A Secret,"Peters, Julie Anne",PA,0,0,2,1,2.338042131,0,0,4218,-1.623729864,3600,0,0,0,0
1792,"Things They Carried, The","O'Brien, Tim",VA,1,0,-1.7,0,1.938042131,0,0,11296,5.476270136,510,0,0,0,0
1892,Vampires,"Yolen, Jane and Martin H. Greenberg",CA,0,0,7.4,0,-2.761957869,1,0,10119,2.576270136,2759,0,0,0,0
1747,T.E. Lawrence: Lives of Notable Gay Men and Lesbians,"Wolfe, Daniel",CO,0,0,-0.2,0,7.338042131,0,0,10346.5,8.676270136,1352,0,0,1,0
295,Boy Gets Girl: A Play,"Gilman, Rebecca",NY,1,0,10.2,0,-0.461957869,0,0,5007.5,3.376270136,2064,0,1,0,0
216,Bermudez Triangle,"Johnson, Maureen",FL,0,0,-1.8,1,0.338042131,1,0,372,-1.723729864,3406,0,0,0,0
892,Henry's Freedom Box,"Levine, Ellen",VT,0,0,13.4,1,6.838042131,0,0,8467,5.376270136,3681,0,0,0,0
2030,Women and the Koran,"Hekmat, Anwar",OR,0,0,4,0,5.538042131,1,0,1274.5,1.076270136,990,0,0,0,0
1075,"Oh, That's Ridiculous","Cole, William",PA,1,0,2,0,2.338042131,0,0,4218,-1.623729864,3141,0,0,0,1
1643,Slaughterhouse-Five,"Vonnegut, Kurt",TN,0,0,-8.7,0,-3.661957869,1,0,-2995.5,-4.423729864,480,0,1,0,0
477,Cut,"McCormick, Patricia",CA,0,0,7.4,0,-2.761957869,0,0,10119,2.576270136,1738,0,0,0,0
1959,What's Happening to My Body?: Book for Girls,"Madaras, Lynda",MI,0,0,3.8,1,3.838042131,0,0,2966,-2.223729864,3363,0,0,0,0
1025,It's Perfectly Normal,"Harris, Robie",AK,0,1,-13.4,0,8.738042131,1,0,15707.5,0.676270136,721,0,0,0,0
1434,"Perks of Being a Wallflower, The","Chbosky, Stephen",PA,0,0,2,1,2.338042131,0,0,4218,-1.623729864,3600,0,0,0,0
1393,One Flew Over the Cuckoo's Nest,"Kesey, Ken",PA,0,0,2,1,2.338042131,0,0,4218,-1.623729864,3212,0,0,0,0
399,"Chocolate War, The","Cormier, Robert",MO,1,1,-3.1,0,1.738042131,1,0,1279.5,-2.423729864,480,0,0,0,0
1545,Rotten Island,"Steig, William",VA,0,0,-1.7,1,1.938042131,0,0,11296,5.476270136,3503,0,0,0,1
1794,Thirteen Reasons Why,"Asher, Jay",PA,0,0,2,1,2.338042131,0,0,4218,-1.623729864,3600,0,0,0,0
730,"Golden Compass, The","Pullman, Philip",LA,1,1,-9.7,1,-4.761957869,0,0,-5120.5,-5.323729864,3189,0,0,0,0
308,Brave New World,"Huxley, Aldous",PA,0,0,2,1,2.338042131,0,0,4218,-1.623729864,3600,0,0,0,0
1145,Little Black Sambo,"Bannerman, Helen",CA,0,0,7.4,0,-2.761957869,0,0,10119,2.576270136,1557,0,0,0,0
374,"Catcher in the Rye, The","Salinger, J.D.",PA,0,0,2,1,2.338042131,0,0,4218,-1.623729864,3600,0,0,0,0
329,"Bumblebee Flies Anyway, The","Cormier, Robert",OH,1,1,-0.7,0,3.438042131,0,0,2469,-2.923729864,2848,0,0,0,0
682,Feed,"Anderson, M.T.",PA,0,0,2,1,2.338042131,0,0,4218,-1.623729864,3600,0,0,0,0
952,I Am the Cheese,"Cormier, Robert",PA,0,1,2,1,2.338042131,0,0,4218,-1.623729864,3600,0,0,0,0
1054,"Joy of Gay Sex, The","Silverstein, Dr. Charles and Felice Picano",IL,0,0,7.7,0,1.838042131,0,0,6489.5,2.076270136,1917,0,0,0,0
1745,Sweet Valley High Series,"William, Kate",CO,0,0,-0.2,0,7.338042131,1,0,10346.5,8.676270136,1440,0,0,0,0
868,Harry Potter (series),"Rowling, J.K.",WI,0,1,2.4,0,5.538042131,0,0,4234.5,-1.623729864,273,1,0,0,0
512,Dead Folks,"Jackson, Jon A.",MT,0,0,-7.1,1,7.638042131,1,0,-6482,0.376270136,3365,0,1,0,0
724,Freakonomics,"Levitt, Steven D.",IL,0,0,7.7,0,1.838042131,1,0,6489.5,2.076270136,2309,0,0,0,0
1276,Mommy Laid an Egg,"Cole, Babette",OR,0,0,4,0,5.538042131,0,0,1274.5,1.076270136,510,0,0,0,0
1009,Ironman,"Crutcher, Chris",IL,0,1,7.7,0,1.838042131,0,0,6489.5,2.076270136,675,0,1,0,0
18,A Firestorm Unleashed,"Ayer, Eleanor H.",IL,0,0,7.7,1,1.838042131,0,0,6489.5,2.076270136,3319,0,0,0,1
100,Alice on Her Way,"Naylor, Phyllis Reynolds",NY,0,1,10.2,0,-0.461957869,1,0,5007.5,3.376270136,2807,0,0,0,0
1276,Mommy Laid an Egg,"Cole, Babette",CO,0,0,-0.2,0,7.338042131,0,0,10346.5,8.676270136,1426,0,0,0,0
1087,King Stork,"Pyle, Howard",MI,0,0,3.8,1,3.838042131,0,0,2966,-2.223729864,3739,0,0,0,0
1083,King & King,"de Haan, Linda",OR,0,0,4,0,5.538042131,0,0,1274.5,1.076270136,2345,0,0,1,0
470,Cujo,"King, Steven",CO,0,0,-0.2,0,7.338042131,1,0,10346.5,8.676270136,1440,0,0,0,1
722,Go Ask Alice,Anonymous,IA,0,0,1,NA,6.538042131,1,0,3921.5,-2.823729864,NA,0,1,0,0
356,Captain Underpants and the Perilous Plot of Professor Poopypants,"Pilkey, Dav",ND,1,0,-10.4,0,4.338042131,0,0,-813,-2.023729864,905,0,1,0,0
1772,Tenderness,"Cormier, Robert",PA,0,1,2,1,2.338042131,0,0,4218,-1.623729864,3600,0,0,0,0
909,Holy Bible,Various,OH,0,0,-0.7,0,3.438042131,1,1,2469,-2.923729864,2879,1,1,0,0
1455,Plainsong,"Haruf, Kent",MN,0,0,2.3,0,8.338042131,1,0,15378,3.376270136,2400,0,1,0,0
663,Fallen Angels,"Myers, Walter Dean",KS,1,0,-11.5,0,6.438042131,0,0,144.5,1.776270136,2104,0,0,0,0
443,Courtney Crumrin and the Night Things,"Naifeh, Ted",FL,0,0,-1.8,0,0.338042131,0,0,372,-1.723729864,2399,0,1,0,0
474,"Curious Incident of the Dog in the Night-Time, The","Haddon, Mark",MI,1,0,3.8,1,3.838042131,0,0,2966,-2.223729864,3895,0,1,0,0
935,How the Garcia Girls Lost Their Accents,"Alvarez, Julia",VA,1,0,-1.7,0,1.938042131,0,0,11296,5.476270136,510,0,0,0,0
997,Inexcusable,"Lynch, Chris",PA,0,0,2,1,2.338042131,0,0,4218,-1.623729864,3600,0,0,0,0
1907,Wait Till Helen Comes,"Hahn, Mary Downing",NH,0,0,1.6,1,7.838042131,0,0,17303,4.676270136,3730,0,0,0,0
1119,"Lesson for Max, A","Turke, Hanne",MN,0,0,2.3,0,8.338042131,0,0,15378,3.376270136,196,0,0,0,0
1000,My Heartbeat,"Freymann-Weyr, Garrett",PA,0,0,2,0,2.338042131,1,1,4218,-1.623729864,1694,0,0,1,0
148,"Angus, Thongs, and Full Frontal Snogging","Rennison, Louise",SC,0,0,-7.8,1,-3.261957869,1,1,-2191.5,-3.623729864,3613,0,0,0,0
1882,"Unthinkable Thoughts of Jacob Green, The","Braff, Joshua",OH,1,0,-0.7,1,3.438042131,1,0,2469,-2.923729864,3380,0,1,0,0
55,A Time to Kill,"Grisham, John",ND,0,0,-10.4,0,4.338042131,1,0,-813,-2.023729864,1800,0,0,0,1
452,Crank,"Hopkins, Ellen",PA,0,0,2,1,2.338042131,0,0,4218,-1.623729864,3600,0,0,0,0
1830,Toughing It,"Springer, Nancy",GA,0,0,-6.8,0,-0.961957869,1,0,2239.5,0.276270136,3014,0,1,0,1
1971,When She Hollers,"Voight, Cynthia",AZ,1,0,-6.1,0,1.438042131,0,0,3490.5,-0.523729864,2838,0,1,0,1
369,"Cat Who Killed Lilian Jackson Braun, The","Kaplow, Robert",PA,0,0,2,0,2.338042131,1,0,4218,-1.623729864,1675,0,1,0,0
851,Halloween ABC,"Merriam, Eve",NY,0,0,10.2,0,-0.461957869,0,0,5007.5,3.376270136,315,1,0,0,1
1185,Love and Rockets X,"Hernandez, Gilbert and Jaime Hernandez",OR,0,0,4,0,5.538042131,0,0,1274.5,1.076270136,510,0,1,0,0
988,In the Break,"Lopez, Jack",AL,1,0,-13.2,1,-4.261957869,0,0,-5054,-5.023729864,3626,0,1,0,0
1025,It's Perfectly Normal,"Harris, Robie",WI,0,1,2.4,0,5.538042131,0,0,4234.5,-1.623729864,630,0,0,0,0
1444,Photography Year 1974,NA,IL,0,0,7.7,1,1.838042131,0,0,6489.5,2.076270136,3179,0,0,0,0
2056,Your Name Written on Water:  An Erotic Novel,"Frei, Irene Gonzalez",MA,0,0,11.7,0,5.238042131,1,0,14048.5,9.176270136,0,0,0,0,0
657,"Facts Speak for Themselves, The","Cole, Brock",VA,1,0,-1.7,0,1.938042131,1,0,11296,5.476270136,2913,0,0,0,0
223,Between a Rock and a Hard Place,"Carter, Alden",OR,0,0,4,0,5.538042131,0,0,1274.5,1.076270136,180,0,1,0,0
1775,Tex,"Hinton, S.E.",CO,0,0,-0.2,0,7.338042131,1,0,10346.5,8.676270136,1440,0,1,0,1
252,"Bless Me, Ultima","Anaya, Rudolfo",CA,1,0,7.4,1,-2.761957869,0,0,10119,2.576270136,3214,0,0,0,0
935,How the Garcia Girls Lost Their Accents,"Alvarez, Julia",IL,0,0,7.7,0,1.838042131,1,0,6489.5,2.076270136,2309,0,0,0,0
957,I Know What You Did Last Summer,"Duncan, Lois",PA,0,0,2,1,2.338042131,0,0,4218,-1.623729864,3600,0,0,0,0
1144,"Little Black Book for Girlz:  A Book on Healthy Sexuality, The",St. Stephen's Community House,OR,0,0,4,1,5.538042131,1,0,1274.5,1.076270136,3600,0,0,0,0
399,"Chocolate War, The","Cormier, Robert",IN,1,1,-6.2,0,2.538042131,0,0,1086.5,-4.623729864,1556,0,1,0,0
1598,Sex for Busy People,"Dubberly, Emily",KS,1,0,-11.5,1,6.438042131,1,0,144.5,1.776270136,3289,0,0,0,0
340,Burning Down My Master's House,"Blair, Jayson",OR,0,0,4,0,5.538042131,0,0,1274.5,1.076270136,1800,0,0,0,0
745,"Grapes of Wrath, The","Steinbeck, John",PA,0,1,2,1,2.338042131,0,0,4218,-1.623729864,3600,0,0,0,0
993,My Brother Sam is Dead,"Collier, James Lincoln",GA,0,0,-6.8,1,-0.961957869,0,0,2239.5,0.276270136,3296,0,1,0,0
661,Fahrenheit 911,"Moore, Michael",OR,0,0,4,0,5.538042131,0,0,1274.5,1.076270136,2010,0,0,0,0
282,Book of Shadows,"Curott, Phyllis",OR,0,0,4,0,5.538042131,0,0,1274.5,1.076270136,510,1,0,0,0
1024,"It's Not the Stork!:  A Book About Girls, Boys, Babies and Bodies","Harris, Robie",AK,1,1,-13.4,0,8.738042131,0,0,15707.5,0.676270136,2958,0,0,0,0
1457,Playing in Traffic,"Giles, Gail",KY,0,0,-10.4,1,-5.461957869,0,0,-5880.5,-6.923729864,3198,0,1,0,0
980,"Illustrated Man, The","Bradbury, Ray",NJ,0,0,4.4,0,2.538042131,0,0,19935.5,5.776270136,480,0,0,0,0
1516,"Rebuilding of Bosnia, The","Reger, James P.",OR,0,0,4,0,5.538042131,0,0,1274.5,1.076270136,1426,0,0,0,0
942,Huevos y la Mujer Latina,"Camacho, Julian Segura",CA,1,0,7.4,0,-2.761957869,0,0,10119,2.576270136,3143,0,0,0,0
1082,Kindred,"Bulter, Octavia",VA,1,0,-1.7,0,1.938042131,0,0,11296,5.476270136,510,0,0,0,0
244,Black Men/White Men: Afro-American Gay Life and Culture,"Smith, Michael J.",OR,0,0,4,0,5.538042131,1,0,1274.5,1.076270136,180,0,0,0,0
635,Endgame,"Jensen, Derrick",PA,0,0,2,1,2.338042131,0,0,4218,-1.623729864,3600,0,0,0,0
1568,Sandpiper,"Wittlinger, Ellen",AL,0,0,-13.2,1,-4.261957869,1,0,-5054,-5.023729864,3205,0,0,0,0
1959,What's Happening to My Body?: Book for Girls,"Madaras, Lynda",VT,0,0,13.4,0,6.838042131,0,0,8467,5.376270136,1115,0,0,0,0
1495,Radiant Identities,"Sturges, Jock",OR,0,0,4,0,5.538042131,0,0,1274.5,1.076270136,180,0,0,0,0
1564,"Same But Different, The","Dahl, Tessa",CO,0,0,-0.2,0,7.338042131,0,0,10346.5,8.676270136,1800,0,0,0,0
695,Finding Our Way--The Teen Girl Survival Guide,"Abner, Allison",AZ,0,0,-6.1,0,1.438042131,1,0,3490.5,-0.523729864,871,0,0,0,0
515,Deadline,"Crutcher, Chris",IN,1,1,-6.2,1,2.538042131,0,0,1086.5,-4.623729864,3223,0,0,0,0
1481,Private Parts,"Stern, Howard",CO,0,0,-0.2,0,7.338042131,1,0,10346.5,8.676270136,1426,0,1,0,0
279,Book of Genesis,"Crumb, R.",NY,0,0,10.2,1,-0.461957869,0,0,5007.5,3.376270136,3675,0,0,0,0
1875,Uncle What-is-it Is Coming to Visit,"Willhoite, Michael",CO,0,0,-0.2,0,7.338042131,0,0,10346.5,8.676270136,1426,0,0,0,0
8,8+1,"Cormier, Robert",OH,1,1,-0.7,0,3.438042131,0,0,2469,-2.923729864,2848,0,0,0,0
1137,"Lightkeeper's Daughter, The","Lawrence, Iain",SC,0,0,-7.8,1,-3.261957869,1,0,-2191.5,-3.623729864,3294,0,0,0,0
1198,Luba Conquers the World,"Hernandez, Gilbert and Jaime Hernandez",OR,0,0,4,0,5.538042131,0,0,1274.5,1.076270136,510,0,0,0,1
1256,"Midnight Club, The","Pike, Christopher",ID,1,1,-17.4,0,5.138042131,1,0,3194,-2.323729864,120,0,0,0,1
197,Batman:  The Dark Knight Strikes Again,"Miller, Frank",OH,0,0,-0.7,1,3.438042131,0,0,2469,-2.923729864,3802,0,1,0,0
1060,"Jungle, The","Sinclair, Upton",PA,0,0,2,1,2.338042131,0,0,4218,-1.623729864,3600,0,0,0,0
1816,Tithe: A Modern Faerie Tale,"Black, Holly",VA,0,0,-1.7,0,1.938042131,1,0,11296,5.476270136,3090,0,1,0,0
2013,"Witch of Blackbird Pond, The","Speare, Elizabeth George",MI,0,0,3.8,0,3.838042131,0,0,2966,-2.223729864,480,0,0,0,0
1800,This Is What I Did,"Ellis, Ann Dee",PA,0,0,2,1,2.338042131,0,0,4218,-1.623729864,3600,0,0,0,0
1952,What My Mother Doesn't Know,"Sones, Sonya",KY,0,0,-10.4,1,-5.461957869,1,0,-5880.5,-6.923729864,3628,0,0,0,0
2019,"Witches, Pumpkins and Grinning Ghosts","Barth, Edna",CA,0,0,7.4,0,-2.761957869,0,0,10119,2.576270136,1697,1,0,0,0
1407,Out of Order,"Jenkins, A.M.",OR,0,0,4,0,5.538042131,0,0,1274.5,1.076270136,1887,0,0,0,0
1755,Tamar,"Chamberlain, Ann",OR,0,0,4,0,5.538042131,0,0,1274.5,1.076270136,990,0,0,0,0
1683,Spanking Shakespeare,"Wizner, Jake",PA,1,0,2,1,2.338042131,1,0,4218,-1.623729864,3497,0,1,0,0
708,Follow the River,"Thom, James Alexander",IN,1,0,-6.2,0,2.538042131,1,0,1086.5,-4.623729864,840,0,0,0,0
1092,"Kite Runner, The","Hosseini, Khaled",IL,1,0,7.7,1,1.838042131,1,0,6489.5,2.076270136,3487,0,0,0,0
745,"Grapes of Wrath, The","Steinbeck, John",WI,1,1,2.4,0,5.538042131,0,0,4234.5,-1.623729864,1290,0,1,0,0
100,Alice On Her Way,"Naylor, Phyllis Reynolds",PA,0,1,2,1,2.338042131,0,0,4218,-1.623729864,3600,0,0,0,0
1464,"Porn 101: Eroticism, Pornography and the First Amendment","Elias, James",OR,0,0,4,0,5.538042131,1,0,1274.5,1.076270136,990,0,0,0,0
607,"Earth, My Butt and Other Big Round Things, The","Mackler, Carolyn",NC,0,0,-4.3,1,-1.461957869,1,0,-310,-1.523729864,3279,0,1,0,0
1421,Panic Snap,"Reese, Laura",VA,0,0,-1.7,0,1.938042131,1,0,11296,5.476270136,3090,0,0,0,0
656,"Face on the Milk Carton, The","Cooney, Caroline B.",SD,0,0,-8.9,0,5.038042131,1,1,785,-2.523729864,2378,0,0,0,0
982,Scary Stories to Tell in the Dark,"Schwartz, Alvin",IA,0,1,1,0,6.538042131,0,0,3921.5,-2.823729864,751,0,0,0,1
453,Crazy in Alabama,"Childress, Mark",IN,1,0,-6.2,0,2.538042131,1,0,1086.5,-4.623729864,270,0,1,0,1
992,In the Shadow of No Towers,"Spiegelman, Art",VT,0,0,13.4,0,6.838042131,0,0,8467,5.376270136,2400,0,0,0,0
1151,"Little Mermaid, The","Anderson, Hans Christian",CA,0,0,7.4,0,-2.761957869,0,0,10119,2.576270136,175,0,0,0,1
982,Scary Stories to Tell in the Dark,"Schwartz, Alvin",CT,0,1,7.1,0,4.438042131,0,0,16247.5,7.376270136,2229,1,0,0,1
15,A Day No Pigs Would Die,"Peck, Robert Newton",NY,1,0,10.2,0,-0.461957869,1,0,5007.5,3.376270136,480,0,1,0,1
179,Baby Be-Bop,"Block, Francesca Lia",CA,1,0,7.4,0,-2.761957869,0,0,10119,2.576270136,120,0,0,1,0
1596,"Sex Chronicles, The",Zane,OH,0,0,-0.7,0,3.438042131,1,0,2469,-2.923729864,2432,0,1,0,0
1657,Snow Falling on Cedars,"Guterson, David",WA,0,0,5,0,7.538042131,1,0,9907.5,3.676270136,1274,0,0,0,0
764,Ghost in the Shell,"Masamune, Shirow",AK,0,0,-13.4,1,8.738042131,0,0,15707.5,0.676270136,3197,0,0,0,0
1719,Strain: Pulp Graphic Novel,Buronson,OR,0,0,4,0,5.538042131,0,0,1274.5,1.076270136,1869,0,0,0,0
2010,Witch,"Pike, Christopher",ID,1,1,-17.4,0,5.138042131,1,0,3194,-2.323729864,120,0,0,0,1
1963,When Bad Things Happen to Good People,"Kushner, Harold S.",NY,1,0,10.2,0,-0.461957869,0,0,5007.5,3.376270136,2799,0,0,0,0
1578,"Sea Lady, The","Drabble, Margaret",FL,0,0,-1.8,1,0.338042131,0,0,372,-1.723729864,3364,0,1,0,0
1828,Torilla Curtain,"Boyle, T.C.",CA,0,0,7.4,1,-2.761957869,0,0,10119,2.576270136,3801,0,0,0,0
134,America:  A Novel,"Frank, E.R.",KY,0,0,-10.4,0,-5.461957869,1,0,-5880.5,-6.923729864,2427,0,1,0,1
122,Am I Weird or Is This Normal?,"James, Jamie",CO,0,0,-0.2,0,7.338042131,1,0,10346.5,8.676270136,1425,0,0,0,0
779,"Girl Who Dreamed Only Geese and Other Stories of the Far North, The","Norman, Howard",CO,0,0,-0.2,0,7.338042131,0,0,10346.5,8.676270136,1800,0,0,0,0
1484,Psychic Academy Series,"Aki, Katsu",VA,0,0,-1.7,0,1.938042131,0,0,11296,5.476270136,3080,0,0,0,0
711,For Whom the Bell Tolls,"Hemingway, Ernest",PA,0,0,2,1,2.338042131,0,0,4218,-1.623729864,3600,0,0,0,0
627,"Emperor's New Clothes, The","Anderson, Hans Christian",CO,0,0,-0.2,0,7.338042131,0,0,10346.5,8.676270136,1800,0,0,0,0
1818,To Kill A Mockingbird,"Lee, Harper",PA,0,0,2,1,2.338042131,0,0,4218,-1.623729864,3600,0,0,0,0
572,Dr. Ernest Drake's Dragonology:  The Complete Book of Dragons,"Drake, Ernest",LA,1,0,-9.7,1,-4.761957869,0,0,-5120.5,-5.323729864,3189,1,0,0,0
1000,"Inner City Mother Goose, The","Merriam, Eve",NY,1,0,10.2,0,-0.461957869,0,0,5007.5,3.376270136,180,0,1,0,0
1715,"Story of Little Black Sambo, The","Bannerman, Helen",OR,0,0,4,0,5.538042131,0,0,1274.5,1.076270136,510,0,0,0,0
1174,Looking for Alaska,"Green, John",PA,0,0,2,1,2.338042131,1,0,4218,-1.623729864,3610,0,1,0,0
1466,Pornstar,"Gittler, Ian",OR,0,0,4,0,5.538042131,1,0,1274.5,1.076270136,990,0,0,0,0
1180,"Lost Mind, The","Pike, Christopher",ID,1,1,-17.4,0,5.138042131,1,0,3194,-2.323729864,120,0,0,0,1
1416,Paint Me Like I Am,Various,NJ,0,0,4.4,1,2.538042131,0,0,19935.5,5.776270136,3377,0,1,0,1
1569,Sari Says,"Locker, Sari",IA,1,0,1,NA,6.538042131,1,0,3921.5,-2.823729864,NA,0,0,0,0
118,Always Running,"Rodriguez, Luis",CA,1,0,7.4,0,-2.761957869,1,1,10119,2.576270136,1705,0,1,0,1
290,Bosnia: Fractured Region,"Black, Eric",OR,0,0,4,0,5.538042131,0,0,1274.5,1.076270136,1426,0,0,0,0
1141,Lilly's Ghost,"Ruby, Laura",FL,1,0,-1.8,0,0.338042131,1,0,372,-1.723729864,1800,0,1,0,0
17,A Do Right Man,"Tyree, Omar",PA,0,0,2,0,2.338042131,1,0,4218,-1.623729864,2093,0,1,0,0
1083,King & King,"de Haan, Linda",LA,1,0,-9.7,0,-4.761957869,0,0,-5120.5,-5.323729864,1980,0,0,1,0
1012,Mythology,NA,PA,0,0,2,0,2.338042131,0,0,4218,-1.623729864,480,0,0,0,0
144,And the Green Grass Grew All Around,"Schwartz, Alvin",PA,1,1,2,0,2.338042131,0,0,4218,-1.623729864,240,0,0,0,1
485,Daddy's Wedding,"Willhoite, Michael",OR,0,0,4,0,5.538042131,0,0,1274.5,1.076270136,180,0,0,1,0
770,"Guy Book:  An Owner's Manual, The","Jukes, Mavis",MT,0,0,-7.1,NA,7.638042131,1,0,-6482,0.376270136,NA,0,0,0,0
1511,Ravenhill,"Hillmer, Timothy",PA,0,0,2,1,2.338042131,0,0,4218,-1.623729864,3600,0,0,0,0
1447,"Pigman, The","Zindel, Paul",IN,0,0,-6.2,0,2.538042131,1,0,1086.5,-4.623729864,480,0,0,0,0
1071,"Official High Times Pot Smoker's Handbook:  Feature 420 Things to Do When You're Stoned, The","Bienenstock, David",OR,0,0,4,1,5.538042131,0,0,1274.5,1.076270136,3600,0,0,0,0
1023,Naruto Volume 1,"Kishimoto, Masashi",MI,0,0,3.8,1,3.838042131,0,0,2966,-2.223729864,3873,0,0,0,0
1911,Walter the Farting Dog,"Kotzwinkle, William",KY,0,0,-10.4,1,-5.461957869,0,0,-5880.5,-6.923729864,3240,0,1,0,0
579,Dragon on a Pedestal,"Anthony, Piers",NC,0,0,-4.3,0,-1.461957869,1,0,-310,-1.523729864,480,0,0,0,0
188,Band of Angels,"Thompson, Julian",NC,1,0,-4.3,0,-1.461957869,1,0,-310,-1.523729864,1050,0,1,0,0
1184,Love and Other Four-Letter Words,"Mackler, Carolyn",IL,1,0,7.7,0,1.838042131,1,0,6489.5,2.076270136,721,0,0,0,0
659,Faerie Wars,"Brennan, Herbie",MI,1,0,3.8,1,3.838042131,0,0,2966,-2.223729864,3176,0,0,1,0
1624,Short Novels of John Steinbeck,"Steinbeck, John",PA,0,1,2,1,2.338042131,0,0,4218,-1.623729864,3600,0,0,0,0
1996,Wiccan Magick for Beginners,"Sabrina, Lady",MI,1,0,3.8,0,3.838042131,0,0,2966,-2.223729864,992,1,0,0,0
46,A Separate Reality,"Casteneda, Carlos",OR,0,0,4,0,5.538042131,0,0,1274.5,1.076270136,180,0,0,0,0
75,"Adventures of Huckleberry Finn, The","Twain, Mark",MN,0,0,2.3,0,8.338042131,0,0,15378,3.376270136,2770,0,0,0,0
16,A Density of Souls,"Rice, Christopher",TN,0,0,-8.7,0,-3.661957869,0,0,-2995.5,-4.423729864,355,0,0,0,0
426,Complete Idiot's Guide to Day Trading,N/A,CO,0,0,-0.2,0,7.338042131,0,0,10346.5,8.676270136,1425,0,0,0,0
865,Harris and Me,"Paulsen, Gary",MT,0,0,-7.1,0,7.638042131,0,0,-6482,0.376270136,223,0,1,0,0
1083,King & King,"de Haan, Linda",IL,0,0,7.7,0,1.838042131,0,0,6489.5,2.076270136,1295,0,0,1,0
1458,Pleasure,"Dickey, Eric Jerome",MI,0,0,3.8,1,3.838042131,1,0,2966,-2.223729864,3370,0,0,0,0
718,"Glass Castle, The","Walls, Jeannette",PA,0,0,2,1,2.338042131,0,0,4218,-1.623729864,3525,0,1,0,0
1829,Totally Joe,"Howe, James",NY,0,0,10.2,0,-0.461957869,0,0,5007.5,3.376270136,3080,0,0,1,0
750,"Great Gatsby, The","Fitzgerald, F. Scott",PA,0,0,2,1,2.338042131,0,0,4218,-1.623729864,3600,0,0,0,0
971,Identical,"Hopkins, Ellen",PA,0,0,2,1,2.338042131,0,0,4218,-1.623729864,3600,0,0,0,0
710,Footprints in the Ash,"Morris, John D.",OR,0,0,4,0,5.538042131,0,0,1274.5,1.076270136,1800,0,0,0,0
1025,It's Perfectly Normal,"Harris, Robie",ME,0,1,5.5,0,5.838042131,1,0,1335.5,-1.123729864,2530,0,0,0,0
203,"Bean Trees, The","Kingsolver, Barbara",MI,0,0,3.8,0,3.838042131,1,0,2966,-2.223729864,2448,0,1,0,0
143,And Tango Makes Three,"Parnell, Peter and Justin Richardson",IA,0,1,1,0,6.538042131,0,1,3921.5,-2.823729864,2460,0,0,1,0
674,Fat Chance,"Newman, Leslea",NJ,0,0,4.4,0,2.538042131,0,0,19935.5,5.776270136,480,0,0,0,0
1792,"Things They Carried, The","O'Brien, Tim",IA,1,0,1,0,6.538042131,0,0,3921.5,-2.823729864,2110,0,1,0,0
768,"Gunsmith: Mississippi Massacre, The","Roberts, J.R.",SD,0,0,-8.9,0,5.038042131,1,0,785,-2.523729864,1050,0,0,0,0
573,Dr. Ruth Talks to Kids,"Westheimer, Dr. Ruth",OR,0,0,4,0,5.538042131,1,0,1274.5,1.076270136,510,0,0,0,0
769,Gustav: Paranormal Investigator,"Bourne, Malcolm",OR,0,0,4,0,5.538042131,0,0,1274.5,1.076270136,510,0,0,0,0
1942,What a Truly Cool World,"Lester, Julius and Joe Cepeda",CO,0,0,-0.2,0,7.338042131,0,0,10346.5,8.676270136,1800,0,0,0,0
562,Doll House Murders,"Wright, Betty",CA,0,0,7.4,0,-2.761957869,0,0,10119,2.576270136,1697,0,0,0,1
482,"Daddy, Daddy Be There","Boyd, Candy",OK,0,0,-16.9,0,1.038042131,0,0,-3087.5,-3.723729864,1917,0,0,0,1
387,Charmed,"Mac, Carrie",MO,0,0,-3.1,1,1.738042131,1,0,1279.5,-2.423729864,3349,0,1,0,0
2037,World of Wrestling (series),NA,VT,0,0,13.4,0,6.838042131,0,0,8467,5.376270136,1314,0,0,0,1
198,Batman: The Ultimate Guide to the Dark Knight,"Beatty, Scott",MI,0,0,3.8,0,3.838042131,1,0,2966,-2.223729864,863,0,0,0,0
193,Bartimaeus (series),"Stroud, Jonathan",PA,0,0,2,1,2.338042131,0,0,4218,-1.623729864,3600,0,0,0,0
1909,Waking with Enemies,"Dickey, Eric Jerome",SC,0,0,-7.8,1,-3.261957869,1,0,-2191.5,-3.623729864,3638,0,0,0,0
722,Go Ask Alice,Anonymous,SC,1,0,-7.8,1,-3.261957869,0,0,-2191.5,-3.623729864,3220,0,1,0,0
1966,When I Was A Loser,"Clarke, Will",RI,0,0,11.2,0,-1.561957869,1,0,8141,1.576270136,3014,0,1,0,0
725,God Went to Beauty School,"Rylant, Cynthia",PA,0,0,2,1,2.338042131,0,0,4218,-1.623729864,3600,0,0,0,0
1514,"Ready, Set, Grow!","Maderas, Linda",CO,0,0,-0.2,0,7.338042131,0,0,10346.5,8.676270136,1440,0,0,0,0
1236,"Mars, Vol. 10","Soryo, Fuyumi",OK,0,0,-16.9,0,1.038042131,1,0,-3087.5,-3.723729864,1917,0,0,0,0
1707,Stones From the River,"Heigi, Ursula",VA,1,0,-1.7,0,1.938042131,0,0,11296,5.476270136,510,0,0,0,0
1524,Rescue Bunnies,"Cronin, Doreen",CO,0,0,-0.2,1,7.338042131,0,0,10346.5,8.676270136,3904,0,0,0,1
421,"Color Purple, The","Walker, Alice",PA,0,0,2,1,2.338042131,0,0,4218,-1.623729864,3600,0,0,0,0
383,Chance in Hell,"Hernandez, Gilbert",VT,0,0,13.4,1,6.838042131,1,0,8467,5.376270136,3213,0,0,0,0
166,Ask a Mexican,"Arellano, Gustavo",CO,0,0,-0.2,1,7.338042131,1,0,10346.5,8.676270136,3490,0,1,0,0
456,Crazy: A Novel,"Lebert, Benjamin",CT,1,0,7.1,0,4.438042131,1,0,16247.5,7.376270136,515,0,0,0,0
171,Athletic Shorts,"Crutcher, Chris",KS,1,1,-11.5,0,6.438042131,0,0,144.5,1.776270136,1699,0,1,0,0
495,Danger in Quicksand Swamp,"Wallace, Bill",OR,0,0,4,0,5.538042131,0,0,1274.5,1.076270136,180,0,0,0,0
171,Athletic Shorts,"Crutcher, Chris",WI,1,1,2.4,0,5.538042131,0,0,4234.5,-1.623729864,2474,0,1,1,0
1944,What Happened to Cass McBride?,"Giles, Gail",PA,0,0,2,1,2.338042131,0,0,4218,-1.623729864,3600,0,0,0,0
1515,Real Girl/Real World,"Gray, Heather M.",IN,0,0,-6.2,0,2.538042131,0,0,1086.5,-4.623729864,279,0,0,0,0
1036,Jason & Kyra,"Davidson, Dana",PA,0,0,2,1,2.338042131,0,0,4218,-1.623729864,3600,0,0,0,0
69,"Absolutely True Diary of a Part-Time Indian, The","Alexie, Sherman",IA,1,0,1,1,6.538042131,0,0,3921.5,-2.823729864,3197,0,0,0,0
757,"Grey King, The","Cooper, Susan",CA,0,0,7.4,0,-2.761957869,0,0,10119,2.576270136,52,1,0,0,1
1445,"Picasso Days, 1881-1935","Phillipe, Pierre",CO,0,0,-0.2,0,7.338042131,1,0,10346.5,8.676270136,1426,0,0,0,0
381,Chain Letter 2,"Pike, Christopher",ID,1,1,-17.4,0,5.138042131,1,0,3194,-2.323729864,120,0,0,0,1
399,"Chocolate War, The","Cormier, Robert",IA,0,1,1,0,6.538042131,0,0,3921.5,-2.823729864,75,0,0,0,0
1276,Mommy Laid an Egg,"Cole, Babette",LA,0,0,-9.7,1,-4.761957869,1,0,-5120.5,-5.323729864,3239,0,0,0,0
189,"Bang, Bang, You're Dead","Fitzhugh, Louise",FL,1,0,-1.8,0,0.338042131,0,0,372,-1.723729864,60,0,0,0,1
127,"Amazing Bone, The","Steig, William",CO,0,0,-0.2,0,7.338042131,0,0,10346.5,8.676270136,1800,0,0,0,1
527,Deenie,"Blume, Judy",FL,0,1,-1.8,0,0.338042131,1,0,372,-1.723729864,1472,0,0,0,0
388,Chasing Destiny,"Dickey, Eric Jerome",NY,0,0,10.2,0,-0.461957869,1,0,5007.5,3.376270136,2422,0,1,0,0
1671,Song of Solomon,"Morrison, Toni",MI,0,1,3.8,1,3.838042131,1,0,2966,-2.223729864,3511,0,1,0,0
1924,Water Tower,"Crew, Gary",CO,0,0,-0.2,0,7.338042131,0,0,10346.5,8.676270136,1426,0,0,0,0
1684,Speak,"Anderson, Laurie Halse",PA,0,0,2,1,2.338042131,0,0,4218,-1.623729864,3600,0,0,0,0
663,Fallen Angels,"Myers, Walter Dean",IL,0,0,7.7,0,1.838042131,1,0,6489.5,2.076270136,2309,0,0,0,0
143,And Tango Makes Three,"Parnell, Peter and Justin Richardson",GA,0,1,-6.8,0,-0.961957869,0,0,2239.5,0.276270136,2411,0,0,1,0
361,Carry Me Down,"Hyland, M.J.",WI,0,0,2.4,0,5.538042131,0,0,4234.5,-1.623729864,2759,0,0,0,1
143,And Tango Makes Three,"Parnell, Peter and Justin Richardson",IA,0,1,1,1,6.538042131,0,1,3921.5,-2.823729864,3197,0,0,1,0
1581,"Second Ring of Power, The","Casteneda, Carlos",OR,0,0,4,0,5.538042131,0,0,1274.5,1.076270136,180,0,0,0,0
498,Dangerous Drawings,"Juno, Andrea",CO,0,0,-0.2,0,7.338042131,1,0,10346.5,8.676270136,1425,0,0,0,1
